{
    "host": "remote",
    "hyps_file": "learned_12.hyps",
    "refs_file": "lm.refs",
    "mauve_kmeans_seed": 42,
    "mauve_max_len": 512,
    "mauve_scale_factor": 1,
    "mauve_score": 0.623307662484988,
    "mauve_frontier_integral": 0.770542053052776,
    "mauve_div_curve": [
        [
            1.0,
            0.0
        ],
        [
            0.9999992869973857,
            3.4166113339876416e-05
        ],
        [
            0.9678641509105338,
            0.07632421713834374
        ],
        [
            0.9335354245503472,
            0.13389118051808493
        ],
        [
            0.8981719607923384,
            0.1874331223203387
        ],
        [
            0.8621318634336477,
            0.2386122010827804
        ],
        [
            0.8255866238293312,
            0.288083812647171
        ],
        [
            0.7886339038951407,
            0.3361850890700107
        ],
        [
            0.7513345830882846,
            0.38311286354894925
        ],
        [
            0.7137283879064146,
            0.42898942070197726
        ],
        [
            0.6758414946517391,
            0.47389190833143563
        ],
        [
            0.6376905367553241,
            0.5178670720358864
        ],
        [
            0.5992847609394751,
            0.5609390647291257
        ],
        [
            0.5606270884296499,
            0.6031135248986882
        ],
        [
            0.5217144059630934,
            0.6443793376418743
        ],
        [
            0.4825371775065461,
            0.6847086754630994
        ],
        [
            0.44307828773117036,
            0.724055449873467
        ],
        [
            0.4033108120530837,
            0.7623519303039914
        ],
        [
            0.3631940405196449,
            0.7995028321775107
        ],
        [
            0.3226663207193708,
            0.8353754218203624
        ],
        [
            0.281631475477946,
            0.8697826810850774
        ],
        [
            0.23993063081392435,
            0.9024531497799371
        ],
        [
            0.19727536884878555,
            0.9329721379050897
        ],
        [
            0.15305148751327188,
            0.9606511904367641
        ],
        [
            0.10546118604805756,
            0.9841684276184526
        ],
        [
            0.0077569072613448,
            0.9999997889936432
        ],
        [
            0.0,
            1.0
        ]
    ],
    "mauve_p_hist": [
        0.011,
        0.0006666666666666666,
        0.0013333333333333333,
        0.0016666666666666668,
        0.0003333333333333333,
        0.008666666666666666,
        0.004333333333333333,
        0.017333333333333333,
        0.003,
        0.0006666666666666666,
        0.0,
        0.01633333333333333,
        0.0013333333333333333,
        0.0006666666666666666,
        0.0,
        0.010333333333333333,
        0.005666666666666667,
        0.0003333333333333333,
        0.012333333333333333,
        0.0006666666666666666,
        0.006333333333333333,
        0.0006666666666666666,
        0.008,
        0.004,
        0.0013333333333333333,
        0.006666666666666667,
        0.0,
        0.0003333333333333333,
        0.0003333333333333333,
        0.0013333333333333333,
        0.001,
        0.009333333333333334,
        0.0003333333333333333,
        0.008,
        0.0026666666666666666,
        0.0013333333333333333,
        0.004,
        0.0003333333333333333,
        0.0016666666666666668,
        0.009,
        0.0003333333333333333,
        0.0006666666666666666,
        0.004333333333333333,
        0.0,
        0.0013333333333333333,
        0.0,
        0.001,
        0.0023333333333333335,
        0.0006666666666666666,
        0.0003333333333333333,
        0.004,
        0.0003333333333333333,
        0.0036666666666666666,
        0.0003333333333333333,
        0.0006666666666666666,
        0.0006666666666666666,
        0.0003333333333333333,
        0.004666666666666667,
        0.0036666666666666666,
        0.011,
        0.0016666666666666668,
        0.022,
        0.0,
        0.001,
        0.0,
        0.0003333333333333333,
        0.0,
        0.010666666666666666,
        0.0006666666666666666,
        0.0003333333333333333,
        0.0,
        0.0003333333333333333,
        0.009333333333333334,
        0.007,
        0.008333333333333333,
        0.005333333333333333,
        0.004666666666666667,
        0.0003333333333333333,
        0.0,
        0.0,
        0.0006666666666666666,
        0.0006666666666666666,
        0.004666666666666667,
        0.0026666666666666666,
        0.0003333333333333333,
        0.0036666666666666666,
        0.0036666666666666666,
        0.0003333333333333333,
        0.0,
        0.007,
        0.009333333333333334,
        0.0006666666666666666,
        0.016666666666666666,
        0.0003333333333333333,
        0.0003333333333333333,
        0.0003333333333333333,
        0.002,
        0.001,
        0.004333333333333333,
        0.004666666666666667,
        0.002,
        0.007666666666666666,
        0.02033333333333333,
        0.0026666666666666666,
        0.008333333333333333,
        0.0003333333333333333,
        0.0003333333333333333,
        0.0016666666666666668,
        0.005,
        0.0,
        0.0013333333333333333,
        0.0006666666666666666,
        0.006666666666666667,
        0.0033333333333333335,
        0.0013333333333333333,
        0.0013333333333333333,
        0.007333333333333333,
        0.0013333333333333333,
        0.0013333333333333333,
        0.0003333333333333333,
        0.005333333333333333,
        0.0013333333333333333,
        0.0016666666666666668,
        0.010333333333333333,
        0.0006666666666666666,
        0.0006666666666666666,
        0.0003333333333333333,
        0.0003333333333333333,
        0.012333333333333333,
        0.0006666666666666666,
        0.0003333333333333333,
        0.0,
        0.0,
        0.0003333333333333333,
        0.006,
        0.0,
        0.0033333333333333335,
        0.014,
        0.0,
        0.014,
        0.0,
        0.015666666666666666,
        0.0,
        0.012666666666666666,
        0.0036666666666666666,
        0.012666666666666666,
        0.005333333333333333,
        0.005,
        0.001,
        0.0036666666666666666,
        0.0016666666666666668,
        0.0003333333333333333,
        0.0,
        0.0,
        0.0036666666666666666,
        0.0006666666666666666,
        0.0003333333333333333,
        0.0,
        0.004666666666666667,
        0.011666666666666667,
        0.0006666666666666666,
        0.006,
        0.0003333333333333333,
        0.0,
        0.014,
        0.0003333333333333333,
        0.0006666666666666666,
        0.0006666666666666666,
        0.008666666666666666,
        0.012666666666666666,
        0.001,
        0.02,
        0.0,
        0.0026666666666666666,
        0.001,
        0.0,
        0.0006666666666666666,
        0.0003333333333333333,
        0.007333333333333333,
        0.0006666666666666666,
        0.0013333333333333333,
        0.0006666666666666666,
        0.006333333333333333,
        0.002,
        0.010666666666666666,
        0.004666666666666667,
        0.0003333333333333333,
        0.0013333333333333333,
        0.013,
        0.0013333333333333333,
        0.0023333333333333335,
        0.0033333333333333335,
        0.0033333333333333335,
        0.004,
        0.0006666666666666666,
        0.0016666666666666668,
        0.0003333333333333333,
        0.0006666666666666666,
        0.0,
        0.003,
        0.011,
        0.006666666666666667,
        0.0,
        0.0033333333333333335,
        0.001,
        0.0,
        0.0013333333333333333,
        0.002,
        0.001,
        0.009,
        0.007666666666666666,
        0.0016666666666666668,
        0.0,
        0.005,
        0.0,
