{
    "host": "remote",
    "hyps_file": "learned_02.hyps",
    "refs_file": "lm.refs",
    "mauve_kmeans_seed": 42,
    "mauve_max_len": 512,
    "mauve_scale_factor": 1,
    "mauve_score": 0.666431244743517,
    "mauve_frontier_integral": 0.69644711269681,
    "mauve_div_curve": [
        [
            1.0,
            0.0
        ],
        [
            0.9999993183319904,
            6.190995270045843e-05
        ],
        [
            0.9699684623908109,
            0.09419743866397673
        ],
        [
            0.9380215924977335,
            0.1586353470240292
        ],
        [
            0.9049962012090844,
            0.2167660603937693
        ],
        [
            0.8712246180664217,
            0.2712409164477258
        ],
        [
            0.8368790070494034,
            0.3231004545970486
        ],
        [
            0.802060657492324,
            0.3728810941477606
        ],
        [
            0.7668332903715305,
            0.42089902287590786
        ],
        [
            0.7312380788903458,
            0.4673545382870941
        ],
        [
            0.6953012233118593,
            0.5123786863358127
        ],
        [
            0.6590379923649198,
            0.5560567795965238
        ],
        [
            0.6224548531698088,
            0.5984411298892126
        ],
        [
            0.5855504079184688,
            0.6395580925684864
        ],
        [
            0.5483154337564855,
            0.6794117271819148
        ],
        [
            0.5107320729847474,
            0.7179851345634327
        ],
        [
            0.4727720064927295,
            0.7552398741782091
        ],
        [
            0.43439316300961434,
            0.7911134150277622
        ],
        [
            0.39553402420771105,
            0.8255141192527593
        ],
        [
            0.356103560047293,
            0.8583125933876139
        ],
        [
            0.3159624083750805,
            0.8893270009963261
        ],
        [
            0.2748843928802283,
            0.9182972128207605
        ],
        [
            0.2324666019095729,
            0.9448358082075081
        ],
        [
            0.18786988549010034,
            0.9683232546738363
        ],
        [
            0.13870616331115246,
            0.9876328216950335
        ],
        [
            0.019528750025911586,
            0.9999998439948443
        ],
        [
            0.0,
            1.0
        ]
    ],
    "mauve_p_hist": [
        0.008666666666666666,
        0.006666666666666667,
        0.002,
        0.015666666666666666,
        0.0003333333333333333,
        0.0003333333333333333,
        0.004,
        0.006333333333333333,
        0.008333333333333333,
        0.0006666666666666666,
        0.0006666666666666666,
        0.005,
        0.0023333333333333335,
        0.002,
        0.0003333333333333333,
        0.0006666666666666666,
        0.0006666666666666666,
        0.0006666666666666666,
        0.009,
        0.0013333333333333333,
        0.0016666666666666668,
        0.0006666666666666666,
        0.005666666666666667,
        0.001,
        0.0006666666666666666,
        0.024333333333333332,
        0.0003333333333333333,
        0.0,
        0.001,
        0.0013333333333333333,
        0.0006666666666666666,
        0.007333333333333333,
        0.004333333333333333,
        0.007,
        0.0023333333333333335,
        0.0016666666666666668,
        0.0036666666666666666,
        0.0016666666666666668,
        0.006333333333333333,
        0.0006666666666666666,
        0.0006666666666666666,
        0.0006666666666666666,
        0.007666666666666666,
        0.0,
        0.001,
        0.0003333333333333333,
        0.0013333333333333333,
        0.012,
        0.0013333333333333333,
        0.0013333333333333333,
        0.015,
        0.0006666666666666666,
        0.005666666666666667,
        0.0016666666666666668,
        0.0,
        0.0006666666666666666,
        0.0003333333333333333,
        0.0026666666666666666,
        0.0,
        0.0036666666666666666,
        0.0013333333333333333,
        0.004666666666666667,
        0.0,
        0.0013333333333333333,
        0.0,
        0.0003333333333333333,
        0.0003333333333333333,
        0.004333333333333333,
        0.0003333333333333333,
        0.0003333333333333333,
        0.0,
        0.0003333333333333333,
        0.007333333333333333,
        0.0,
        0.008333333333333333,
        0.005333333333333333,
        0.0006666666666666666,
        0.0006666666666666666,
        0.0,
        0.0,
        0.0003333333333333333,
        0.0,
        0.019,
        0.005333333333333333,
        0.0003333333333333333,
        0.02,
        0.005,
        0.0,
        0.0,
        0.0023333333333333335,
        0.006333333333333333,
        0.003,
        0.0006666666666666666,
        0.0016666666666666668,
        0.006,
        0.0,
        0.0003333333333333333,
        0.0003333333333333333,
        0.011333333333333334,
        0.0016666666666666668,
        0.004333333333333333,
        0.002,
        0.0006666666666666666,
        0.007333333333333333,
        0.007,
        0.001,
        0.0003333333333333333,
        0.002,
        0.0016666666666666668,
        0.001,
        0.001,
        0.0003333333333333333,
        0.006,
        0.001,
        0.021333333333333333,
        0.0016666666666666668,
        0.001,
        0.016666666666666666,
        0.0003333333333333333,
        0.0003333333333333333,
        0.0023333333333333335,
        0.002,
        0.001,
        0.0033333333333333335,
        0.0006666666666666666,
        0.0006666666666666666,
        0.0006666666666666666,
        0.0006666666666666666,
        0.0033333333333333335,
        0.0006666666666666666,
        0.0006666666666666666,
        0.0003333333333333333,
        0.0,
        0.0016666666666666668,
        0.004333333333333333,
        0.0013333333333333333,
        0.0006666666666666666,
        0.004,
        0.0006666666666666666,
        0.005666666666666667,
        0.0003333333333333333,
        0.007666666666666666,
        0.0003333333333333333,
        0.008,
        0.0026666666666666666,
        0.0,
        0.007,
        0.007,
        0.0003333333333333333,
        0.010333333333333333,
        0.001,
        0.0003333333333333333,
        0.001,
        0.0006666666666666666,
        0.0003333333333333333,
        0.0016666666666666668,
        0.0,
        0.0003333333333333333,
        0.0013333333333333333,
        0.008666666666666666,
        0.0,
        0.004,
        0.001,
        0.0013333333333333333,
        0.004666666666666667,
        0.0,
        0.0003333333333333333,
        0.0003333333333333333,
        0.014666666666666666,
        0.005333333333333333,
        0.006666666666666667,
        0.001,
        0.0003333333333333333,
        0.0013333333333333333,
        0.0013333333333333333,
        0.0,
        0.0,
        0.0003333333333333333,
        0.002,
        0.0013333333333333333,
        0.004333333333333333,
        0.0023333333333333335,
        0.0036666666666666666,
        0.005333333333333333,
        0.010666666666666666,
        0.015,
        0.0003333333333333333,
        0.0033333333333333335,
        0.011666666666666667,
        0.004,
        0.002,
        0.009666666666666667,
        0.010333333333333333,
        0.010666666666666666,
        0.0003333333333333333,
        0.006333333333333333,
        0.0003333333333333333,
        0.0003333333333333333,
        0.001,
        0.0,
        0.014,
        0.0023333333333333335,
        0.0016666666666666668,
        0.013,
        0.013666666666666667,
        0.001,
        0.0003333333333333333,
        0.002,
        0.001,
        0.005333333333333333,
        0.006666666666666667,
        0.002,
        0.009,
        0.0016666666666666668,
        0.0006666666666666666,
        0.001,
