{
    "host": "remote",
    "hyps_file": "learned_05.hyps",
    "refs_file": "lm.refs",
    "mauve_kmeans_seed": 42,
    "mauve_max_len": 512,
    "mauve_scale_factor": 1,
    "mauve_score": 0.6426872244720219,
    "mauve_frontier_integral": 0.7368102573712267,
    "mauve_div_curve": [
        [
            1.0,
            0.0
        ],
        [
            0.9999992949973286,
            4.027106475008434e-05
        ],
        [
            0.9682271137804443,
            0.08256349811525678
        ],
        [
            0.93438964952539,
            0.14364372409324186
        ],
        [
            0.899638317861804,
            0.19984283013590348
        ],
        [
            0.8643084014214661,
            0.25308400736877756
        ],
        [
            0.8285507980449298,
            0.30415052362359296
        ],
        [
            0.7924462083681738,
            0.3534578948444108
        ],
        [
            0.756041573336091,
            0.40125612478188905
        ],
        [
            0.7193649139651294,
            0.4477056901407194
        ],
        [
            0.682432267809551,
            0.49291216661504234
        ],
        [
            0.6452511659007782,
            0.5369439392239631
        ],
        [
            0.6078223552218857,
            0.5798418430634068
        ],
        [
            0.5701404797957833,
            0.6216244311405162
        ],
        [
            0.5321940040926448,
            0.6622905418839194
        ],
        [
            0.4939644263234702,
            0.7018199098003166
        ],
        [
            0.455424637825504,
            0.7401720437127308
        ],
        [
            0.41653604079159334,
            0.7772832018899687
        ],
        [
            0.37724360921547806,
            0.8130608449978891
        ],
        [
            0.3374671839417985,
            0.8473742392974036
        ],
        [
            0.2970851693138639,
            0.8800385109005987
        ],
        [
            0.25590103466993847,
            0.9107864036166451
        ],
        [
            0.2135643968910288,
            0.9392142468762511
        ],
        [
            0.16934044581147828,
            0.9646652938085495
        ],
        [
            0.12110192090673434,
            0.9859225158999961
        ],
        [
            0.011408992151275051,
            0.9999998066616466
        ],
        [
            0.0,
            1.0
        ]
    ],
    "mauve_p_hist": [
        0.006333333333333333,
        0.004,
        0.004,
        0.0016666666666666668,
        0.0003333333333333333,
        0.0006666666666666666,
        0.011666666666666667,
        0.0016666666666666668,
        0.002,
        0.0013333333333333333,
        0.005666666666666667,
        0.009,
        0.004,
        0.006666666666666667,
        0.0023333333333333335,
        0.007666666666666666,
        0.0,
        0.003,
        0.0,
        0.005666666666666667,
        0.0003333333333333333,
        0.007666666666666666,
        0.0023333333333333335,
        0.001,
        0.0003333333333333333,
        0.009,
        0.0023333333333333335,
        0.0013333333333333333,
        0.006666666666666667,
        0.0003333333333333333,
        0.0,
        0.0013333333333333333,
        0.003,
        0.0,
        0.0003333333333333333,
        0.010666666666666666,
        0.004333333333333333,
        0.007666666666666666,
        0.005333333333333333,
        0.003,
        0.005,
        0.0023333333333333335,
        0.0,
        0.007333333333333333,
        0.011666666666666667,
        0.01633333333333333,
        0.0003333333333333333,
        0.0006666666666666666,
        0.004,
        0.0006666666666666666,
        0.0003333333333333333,
        0.005333333333333333,
        0.011333333333333334,
        0.0003333333333333333,
        0.002,
        0.0006666666666666666,
        0.009333333333333334,
        0.0006666666666666666,
        0.002,
        0.0,
        0.0016666666666666668,
        0.002,
        0.002,
        0.001,
        0.002,
        0.0006666666666666666,
        0.0013333333333333333,
        0.0,
        0.0026666666666666666,
        0.001,
        0.0003333333333333333,
        0.004,
        0.0003333333333333333,
        0.0016666666666666668,
        0.0,
        0.0,
        0.0006666666666666666,
        0.0003333333333333333,
        0.005,
        0.0023333333333333335,
        0.0006666666666666666,
        0.007,
        0.0036666666666666666,
        0.0006666666666666666,
        0.002,
        0.001,
        0.0016666666666666668,
        0.002,
        0.005666666666666667,
        0.0013333333333333333,
        0.02,
        0.0,
        0.0003333333333333333,
        0.006666666666666667,
        0.0003333333333333333,
        0.0023333333333333335,
        0.007666666666666666,
        0.001,
        0.0036666666666666666,
        0.0033333333333333335,
        0.0036666666666666666,
        0.0,
        0.0003333333333333333,
        0.009333333333333334,
        0.0003333333333333333,
        0.0006666666666666666,
        0.0016666666666666668,
        0.0006666666666666666,
        0.006,
        0.0003333333333333333,
        0.0026666666666666666,
        0.0,
        0.0013333333333333333,
        0.0003333333333333333,
        0.0006666666666666666,
        0.0013333333333333333,
        0.0016666666666666668,
        0.0003333333333333333,
        0.0023333333333333335,
        0.01633333333333333,
        0.021333333333333333,
        0.0006666666666666666,
        0.005,
        0.0006666666666666666,
        0.001,
        0.001,
        0.0,
        0.0033333333333333335,
        0.001,
        0.0023333333333333335,
        0.0,
        0.0,
        0.0006666666666666666,
        0.008666666666666666,
        0.015666666666666666,
        0.0003333333333333333,
        0.0006666666666666666,
        0.002,
        0.014333333333333333,
        0.004,
        0.008,
        0.001,
        0.004333333333333333,
        0.0006666666666666666,
        0.0016666666666666668,
        0.0013333333333333333,
        0.006,
        0.020666666666666667,
        0.0003333333333333333,
        0.0013333333333333333,
        0.0023333333333333335,
        0.0003333333333333333,
        0.0006666666666666666,
        0.0033333333333333335,
        0.008,
        0.017333333333333333,
        0.0006666666666666666,
        0.0,
        0.0026666666666666666,
        0.0003333333333333333,
        0.0,
        0.0003333333333333333,
        0.0003333333333333333,
        0.0003333333333333333,
        0.007,
        0.012,
        0.006333333333333333,
        0.0,
        0.0013333333333333333,
        0.008,
        0.005,
        0.0003333333333333333,
        0.008666666666666666,
        0.0023333333333333335,
        0.0,
        0.006,
        0.0,
        0.004,
        0.0,
        0.0,
        0.003,
        0.0003333333333333333,
        0.008666666666666666,
        0.0033333333333333335,
        0.004666666666666667,
        0.004333333333333333,
        0.0003333333333333333,
        0.0,
        0.0,
        0.008,
        0.007666666666666666,
        0.004,
        0.0,
        0.001,
        0.0,
        0.007,
        0.0006666666666666666,
        0.002,
        0.008333333333333333,
        0.003,
        0.0003333333333333333,
        0.0023333333333333335,
        0.0003333333333333333,
        0.0023333333333333335,
        0.0033333333333333335,
        0.006,
        0.003,
        0.0,
        0.001,
        0.0006666666666666666,
        0.011333333333333334,
        0.004,
        0.001,
        0.006,
        0.0,
        0.0003333333333333333,
        0.005666666666666667,
        0.0006666666666666666,
        0.0033333333333333335,
        0.0003333333333333333,
        0.008666666666666666,
        0.007,
        0.003,
        0.0006666666666666666,
