{
    "host": "remote",
    "hyps_file": "learned_12.hyps",
    "refs_file": "lm.refs",
    "mauve_kmeans_seed": 0,
    "mauve_max_len": 512,
    "mauve_scale_factor": 1,
    "mauve_score": 0.6268910330512678,
    "mauve_frontier_integral": 0.7641562580535063,
    "mauve_div_curve": [
        [
            1.0,
            0.0
        ],
        [
            0.9999992583314714,
            2.6202309173506618e-05
        ],
        [
            0.9672490108920183,
            0.07679046143785319
        ],
        [
            0.9326959744864866,
            0.13528968893312698
        ],
        [
            0.8972482091119811,
            0.18961133140475814
        ],
        [
            0.8612095444480952,
            0.2414472385483383
        ],
        [
            0.8247284019581834,
            0.29147010962683084
        ],
        [
            0.7878894623201864,
            0.3400284193562831
        ],
        [
            0.7507451335257658,
            0.38732698211028366
        ],
        [
            0.7133290966377064,
            0.4334938797828514
        ],
        [
            0.6756629419959772,
            0.4786105021559121
        ],
        [
            0.6377596558737989,
            0.522726652940438
        ],
        [
            0.5996254624048917,
            0.5658685905320769
        ],
        [
            0.5612606751665324,
            0.6080432520654335
        ],
        [
            0.5226598324793079,
            0.6492401036547276
        ],
        [
            0.48381117676515234,
            0.6894312308975656
        ],
        [
            0.44469536424353523,
            0.7285698132171876
        ],
        [
            0.40528307013619047,
            0.7665867526169313
        ],
        [
            0.36553076677923385,
            0.8033847839938262
        ],
        [
            0.3253731354054565,
            0.8388286738183015
        ],
        [
            0.28470861385549434,
            0.872728704969827
        ],
        [
            0.24336920760017408,
            0.9048115076182948
        ],
        [
            0.20104812497893204,
            0.9346643324619771
        ],
        [
            0.15708441360546163,
            0.961614920077533
        ],
        [
            0.10950397003972541,
            0.9844158676712929
        ],
        [
            0.007170292788975651,
            0.9999997729948383
        ],
        [
            0.0,
            1.0
        ]
    ],
    "mauve_p_hist": [
        0.0,
        0.01,
        0.0013333333333333333,
        0.003,
        0.0006666666666666666,
        0.016666666666666666,
        0.011,
        0.003,
        0.0006666666666666666,
        0.0023333333333333335,
        0.0,
        0.0,
        0.012333333333333333,
        0.001,
        0.015666666666666666,
        0.0006666666666666666,
        0.004333333333333333,
        0.0006666666666666666,
        0.0013333333333333333,
        0.006,
        0.0013333333333333333,
        0.003,
        0.0006666666666666666,
        0.0003333333333333333,
        0.015,
        0.0023333333333333335,
        0.007666666666666666,
        0.0026666666666666666,
        0.005666666666666667,
        0.0003333333333333333,
        0.0003333333333333333,
        0.0013333333333333333,
        0.003,
        0.0003333333333333333,
        0.0026666666666666666,
        0.007666666666666666,
        0.0013333333333333333,
        0.0,
        0.0013333333333333333,
        0.007,
        0.006,
        0.0016666666666666668,
        0.0013333333333333333,
        0.006,
        0.0,
        0.004,
        0.001,
        0.002,
        0.006,
        0.003,
        0.0006666666666666666,
        0.0,
        0.0016666666666666668,
        0.0016666666666666668,
        0.0006666666666666666,
        0.001,
        0.0,
        0.0003333333333333333,
        0.0003333333333333333,
        0.0,
        0.0,
        0.006666666666666667,
        0.0013333333333333333,
        0.0006666666666666666,
        0.0006666666666666666,
        0.005666666666666667,
        0.026,
        0.0013333333333333333,
        0.0,
        0.0006666666666666666,
        0.002,
        0.0,
        0.0006666666666666666,
        0.0,
        0.0023333333333333335,
        0.0036666666666666666,
        0.007333333333333333,
        0.0,
        0.0003333333333333333,
        0.0026666666666666666,
        0.004666666666666667,
        0.0,
        0.0,
        0.005333333333333333,
        0.0003333333333333333,
        0.0,
        0.016,
        0.009,
        0.005666666666666667,
        0.0013333333333333333,
        0.0,
        0.007,
        0.0003333333333333333,
        0.002,
        0.0026666666666666666,
        0.007,
        0.0006666666666666666,
        0.0,
        0.007,
        0.013666666666666667,
        0.003,
        0.0,
        0.0006666666666666666,
        0.001,
        0.0,
        0.0,
        0.018333333333333333,
        0.009,
        0.0003333333333333333,
        0.006333333333333333,
        0.0003333333333333333,
        0.002,
        0.0026666666666666666,
        0.006333333333333333,
        0.001,
        0.0006666666666666666,
        0.0,
        0.0016666666666666668,
        0.0003333333333333333,
        0.0003333333333333333,
        0.0036666666666666666,
        0.0033333333333333335,
        0.0006666666666666666,
        0.0,
        0.004333333333333333,
        0.0013333333333333333,
        0.009333333333333334,
        0.0033333333333333335,
        0.0003333333333333333,
        0.0013333333333333333,
        0.0003333333333333333,
        0.0036666666666666666,
        0.0003333333333333333,
        0.008,
        0.006666666666666667,
        0.0003333333333333333,
        0.0,
        0.001,
        0.005666666666666667,
        0.01,
        0.0003333333333333333,
        0.0013333333333333333,
        0.015,
        0.0,
        0.0,
        0.0033333333333333335,
        0.0006666666666666666,
        0.007333333333333333,
        0.0006666666666666666,
        0.0013333333333333333,
        0.004,
        0.012666666666666666,
        0.002,
        0.006,
        0.004666666666666667,
        0.003,
        0.0006666666666666666,
        0.0006666666666666666,
        0.005,
        0.0033333333333333335,
        0.007666666666666666,
        0.0006666666666666666,
        0.009,
        0.0006666666666666666,
        0.002,
        0.005666666666666667,
        0.0003333333333333333,
        0.0003333333333333333,
        0.001,
        0.009,
        0.0026666666666666666,
        0.0036666666666666666,
        0.0,
        0.0003333333333333333,
        0.013,
        0.0,
        0.011333333333333334,
        0.002,
        0.0006666666666666666,
        0.011,
        0.007,
        0.0003333333333333333,
        0.001,
        0.0003333333333333333,
        0.003,
        0.0003333333333333333,
        0.0033333333333333335,
        0.007666666666666666,
        0.0023333333333333335,
        0.01,
        0.007333333333333333,
        0.003,
        0.0013333333333333333,
        0.0036666666666666666,
        0.0003333333333333333,
        0.0,
        0.0,
        0.011666666666666667,
        0.0,
        0.006333333333333333,
        0.002,
        0.0003333333333333333,
        0.013333333333333334,
        0.0003333333333333333,
        0.0016666666666666668,
        0.0,
        0.0003333333333333333,
        0.0016666666666666668,
        0.007,
        0.007333333333333333,
        0.0003333333333333333,
        0.006666666666666667,
        0.0036666666666666666,
        0.0036666666666666666,
        0.006333333333333333,
        0.005666666666666667,
        0.0006666666666666666,
        0.0006666666666666666,
        0.0,
        0.0003333333333333333,
        0.009,
        0.006666666666666667,
        0.005666666666666667,
        0.005333333333333333,
        0.012333333333333333,
