{
    "host": "remote",
    "hyps_file": "learned_02.hyps",
    "refs_file": "lm.refs",
    "mauve_kmeans_seed": 0,
    "mauve_max_len": 512,
    "mauve_scale_factor": 1,
    "mauve_score": 0.6607015003745215,
    "mauve_frontier_integral": 0.7058470925812808,
    "mauve_div_curve": [
        [
            1.0,
            0.0
        ],
        [
            0.9999992829980395,
            3.930324530427425e-05
        ],
        [
            0.9682999940566507,
            0.08857922425521952
        ],
        [
            0.9349393144699408,
            0.1529136768555125
        ],
        [
            0.9007874856026742,
            0.21147404239258233
        ],
        [
            0.866112515299338,
            0.2665431826561279
        ],
        [
            0.8310408107019525,
            0.31905398959477116
        ],
        [
            0.79564279445825,
            0.36949957246885007
        ],
        [
            0.7599609447663628,
            0.418175091062322
        ],
        [
            0.7240214961147976,
            0.4652690680960553
        ],
        [
            0.6878400172485017,
            0.5109050521485725
        ],
        [
            0.6514242352352521,
            0.5551629410898393
        ],
        [
            0.6147754144603375,
            0.5980906271365225
        ],
        [
            0.5778888373650987,
            0.639710437000261
        ],
        [
            0.540753592348451,
            0.6800224079027286
        ],
        [
            0.5033516741368281,
            0.7190053325377225
        ],
        [
            0.4656562249568634,
            0.7566159035183748
        ],
        [
            0.42762850490491533,
            0.7927858537637315
        ],
        [
            0.38921275117177484,
            0.8274165276744807
        ],
        [
            0.35032719065177026,
            0.8603696188858974
        ],
        [
            0.3108473659517939,
            0.891451482619848
        ],
        [
            0.2705723032679361,
            0.9203855009955129
        ],
        [
            0.22914617339408874,
            0.9467595461062722
        ],
        [
            0.1858348220065579,
            0.9699131137422891
        ],
        [
            0.13858083994907183,
            0.9886401830522091
        ],
        [
            0.026565104075519916,
            0.9999998739948887
        ],
        [
            0.0,
            1.0
        ]
    ],
    "mauve_p_hist": [
        0.0003333333333333333,
        0.010666666666666666,
        0.001,
        0.002,
        0.010666666666666666,
        0.0036666666666666666,
        0.007666666666666666,
        0.014333333333333333,
        0.0003333333333333333,
        0.001,
        0.0006666666666666666,
        0.0003333333333333333,
        0.004333333333333333,
        0.001,
        0.012333333333333333,
        0.0013333333333333333,
        0.007,
        0.0003333333333333333,
        0.004,
        0.001,
        0.005333333333333333,
        0.012333333333333333,
        0.0,
        0.0,
        0.0013333333333333333,
        0.0006666666666666666,
        0.0013333333333333333,
        0.008333333333333333,
        0.007333333333333333,
        0.0003333333333333333,
        0.0,
        0.001,
        0.0013333333333333333,
        0.0003333333333333333,
        0.008333333333333333,
        0.005333333333333333,
        0.001,
        0.0003333333333333333,
        0.0003333333333333333,
        0.003,
        0.008333333333333333,
        0.0,
        0.0016666666666666668,
        0.003,
        0.001,
        0.0013333333333333333,
        0.002,
        0.004666666666666667,
        0.0026666666666666666,
        0.013,
        0.0003333333333333333,
        0.001,
        0.0003333333333333333,
        0.0026666666666666666,
        0.017666666666666667,
        0.0026666666666666666,
        0.0003333333333333333,
        0.0006666666666666666,
        0.0,
        0.0003333333333333333,
        0.0003333333333333333,
        0.0023333333333333335,
        0.019,
        0.004333333333333333,
        0.0003333333333333333,
        0.006333333333333333,
        0.009666666666666667,
        0.0006666666666666666,
        0.0003333333333333333,
        0.0006666666666666666,
        0.002,
        0.0,
        0.0016666666666666668,
        0.0006666666666666666,
        0.02666666666666667,
        0.0006666666666666666,
        0.004,
        0.0,
        0.0006666666666666666,
        0.0026666666666666666,
        0.0003333333333333333,
        0.0,
        0.0006666666666666666,
        0.021666666666666667,
        0.0,
        0.001,
        0.0033333333333333335,
        0.004,
        0.003,
        0.0023333333333333335,
        0.0003333333333333333,
        0.008666666666666666,
        0.001,
        0.0016666666666666668,
        0.001,
        0.0013333333333333333,
        0.003,
        0.0013333333333333333,
        0.004333333333333333,
        0.002,
        0.0026666666666666666,
        0.0006666666666666666,
        0.001,
        0.0006666666666666666,
        0.0,
        0.0,
        0.009666666666666667,
        0.0016666666666666668,
        0.0033333333333333335,
        0.009,
        0.0013333333333333333,
        0.008666666666666666,
        0.001,
        0.0026666666666666666,
        0.004333333333333333,
        0.0013333333333333333,
        0.0,
        0.0003333333333333333,
        0.0006666666666666666,
        0.004333333333333333,
        0.0033333333333333335,
        0.001,
        0.0006666666666666666,
        0.0006666666666666666,
        0.0026666666666666666,
        0.001,
        0.0016666666666666668,
        0.002,
        0.0003333333333333333,
        0.0013333333333333333,
        0.0023333333333333335,
        0.011666666666666667,
        0.0006666666666666666,
        0.0016666666666666668,
        0.003,
        0.0,
        0.0003333333333333333,
        0.0003333333333333333,
        0.006,
        0.018,
        0.0,
        0.002,
        0.02,
        0.0003333333333333333,
        0.0006666666666666666,
        0.0013333333333333333,
        0.0,
        0.010333333333333333,
        0.0006666666666666666,
        0.004333333333333333,
        0.0026666666666666666,
        0.015,
        0.0023333333333333335,
        0.010666666666666666,
        0.004666666666666667,
        0.006666666666666667,
        0.0003333333333333333,
        0.0006666666666666666,
        0.0023333333333333335,
        0.0016666666666666668,
        0.006333333333333333,
        0.0,
        0.004333333333333333,
        0.003,
        0.005333333333333333,
        0.007666666666666666,
        0.0003333333333333333,
        0.0006666666666666666,
        0.0006666666666666666,
        0.009333333333333334,
        0.017666666666666667,
        0.001,
        0.0003333333333333333,
        0.0013333333333333333,
        0.0033333333333333335,
        0.0003333333333333333,
        0.006666666666666667,
        0.0013333333333333333,
        0.0036666666666666666,
        0.001,
        0.005666666666666667,
        0.0006666666666666666,
        0.0006666666666666666,
        0.0006666666666666666,
        0.001,
        0.0,
        0.006666666666666667,
        0.005666666666666667,
        0.008,
        0.005,
        0.0006666666666666666,
        0.0013333333333333333,
        0.016,
        0.006,
        0.0,
        0.0006666666666666666,
        0.001,
        0.004,
        0.001,
        0.0036666666666666666,
        0.015666666666666666,
        0.0006666666666666666,
        0.0036666666666666666,
        0.0016666666666666668,
        0.0006666666666666666,
        0.0003333333333333333,
        0.0006666666666666666,
        0.001,
        0.0026666666666666666,
        0.006,
        0.0,
        0.006,
        0.008,
        0.001,
        0.001,
        0.001,
        0.0,
        0.0,
