{
    "host": "remote",
    "hyps_file": "learned_06.hyps",
    "refs_file": "lm.refs",
    "mauve_kmeans_seed": 0,
    "mauve_max_len": 512,
    "mauve_scale_factor": 1,
    "mauve_score": 0.6340205739817487,
    "mauve_frontier_integral": 0.7517987921542559,
    "mauve_div_curve": [
        [
            1.0,
            0.0
        ],
        [
            0.999999256331646,
            2.6662535936787465e-05
        ],
        [
            0.9673391521466381,
            0.07905890433990594
        ],
        [
            0.9330177191253576,
            0.13875107993672808
        ],
        [
            0.8978426705713627,
            0.1939275136680225
        ],
        [
            0.8620908458551098,
            0.24641990951974105
        ],
        [
            0.8259010129030059,
            0.29695890183068924
        ],
        [
            0.789353796683363,
            0.34592300330546855
        ],
        [
            0.7524996193283147,
            0.39353477898056116
        ],
        [
            0.7153709807847375,
            0.4399337311895027
        ],
        [
            0.677988586178349,
            0.4852090160873792
        ],
        [
            0.6403646087530953,
            0.5294158915392843
        ],
        [
            0.6025044245360699,
            0.5725844826359645
        ],
        [
            0.5644074069702306,
            0.6147244128656107
        ],
        [
            0.5260670285994801,
            0.6558268790936573
        ],
        [
            0.4874703205859715,
            0.6958648461036084
        ],
        [
            0.4485965776579648,
            0.7347915265871466
        ],
        [
            0.4094149876595159,
            0.7725369104449802
        ],
        [
            0.3698805018698125,
            0.8090016295822678
        ],
        [
            0.3299265064095337,
            0.8440466638591153
        ],
        [
            0.2894510651777377,
            0.8774758521861111
        ],
        [
            0.24828865863905714,
            0.9090046967660537
        ],
        [
            0.2061437285987064,
            0.938199992945326
        ],
        [
            0.16239717109916268,
            0.9643473933662863
        ],
        [
            0.11526425805596932,
            0.9860948342196966
        ],
        [
            0.013316583072700169,
            0.9999998299941694
        ],
        [
            0.0,
            1.0
        ]
    ],
    "mauve_p_hist": [
        0.0,
        0.001,
        0.0,
        0.007333333333333333,
        0.011,
        0.004666666666666667,
        0.006666666666666667,
        0.0016666666666666668,
        0.0013333333333333333,
        0.0023333333333333335,
        0.0003333333333333333,
        0.0,
        0.004333333333333333,
        0.0006666666666666666,
        0.008,
        0.0,
        0.001,
        0.0003333333333333333,
        0.0016666666666666668,
        0.005666666666666667,
        0.0036666666666666666,
        0.006,
        0.0003333333333333333,
        0.0006666666666666666,
        0.0023333333333333335,
        0.001,
        0.004,
        0.005666666666666667,
        0.026,
        0.0,
        0.0,
        0.001,
        0.010333333333333333,
        0.0003333333333333333,
        0.0003333333333333333,
        0.0013333333333333333,
        0.001,
        0.001,
        0.0006666666666666666,
        0.006333333333333333,
        0.003,
        0.001,
        0.0006666666666666666,
        0.0036666666666666666,
        0.003,
        0.0013333333333333333,
        0.008,
        0.007666666666666666,
        0.009,
        0.012333333333333333,
        0.002,
        0.0003333333333333333,
        0.0006666666666666666,
        0.0016666666666666668,
        0.012333333333333333,
        0.007333333333333333,
        0.0,
        0.012,
        0.0,
        0.001,
        0.0003333333333333333,
        0.0036666666666666666,
        0.002,
        0.0006666666666666666,
        0.0003333333333333333,
        0.0026666666666666666,
        0.014,
        0.001,
        0.0003333333333333333,
        0.001,
        0.0003333333333333333,
        0.0006666666666666666,
        0.0,
        0.0003333333333333333,
        0.004333333333333333,
        0.006,
        0.014333333333333333,
        0.0,
        0.0,
        0.006333333333333333,
        0.009666666666666667,
        0.0006666666666666666,
        0.0006666666666666666,
        0.004333333333333333,
        0.0,
        0.0003333333333333333,
        0.002,
        0.0016666666666666668,
        0.005333333333333333,
        0.006333333333333333,
        0.0,
        0.009666666666666667,
        0.0006666666666666666,
        0.001,
        0.0016666666666666668,
        0.0033333333333333335,
        0.0006666666666666666,
        0.0003333333333333333,
        0.005333333333333333,
        0.007,
        0.005666666666666667,
        0.001,
        0.0,
        0.001,
        0.001,
        0.0,
        0.008666666666666666,
        0.004,
        0.0006666666666666666,
        0.0016666666666666668,
        0.0003333333333333333,
        0.0006666666666666666,
        0.004,
        0.004,
        0.0006666666666666666,
        0.0006666666666666666,
        0.0006666666666666666,
        0.0003333333333333333,
        0.008666666666666666,
        0.007666666666666666,
        0.009333333333333334,
        0.002,
        0.0023333333333333335,
        0.0,
        0.0026666666666666666,
        0.004,
        0.0006666666666666666,
        0.004333333333333333,
        0.0006666666666666666,
        0.0003333333333333333,
        0.0016666666666666668,
        0.006666666666666667,
        0.0,
        0.024666666666666667,
        0.007,
        0.0003333333333333333,
        0.0,
        0.0,
        0.0023333333333333335,
        0.0013333333333333333,
        0.0,
        0.002,
        0.0023333333333333335,
        0.0003333333333333333,
        0.0,
        0.005,
        0.0003333333333333333,
        0.0026666666666666666,
        0.0006666666666666666,
        0.002,
        0.0033333333333333335,
        0.0036666666666666666,
        0.0003333333333333333,
        0.0016666666666666668,
        0.0026666666666666666,
        0.019333333333333334,
        0.0,
        0.0003333333333333333,
        0.018,
        0.005,
        0.008333333333333333,
        0.0003333333333333333,
        0.002,
        0.004,
        0.0013333333333333333,
        0.0036666666666666666,
        0.0006666666666666666,
        0.0,
        0.0016666666666666668,
        0.006333333333333333,
        0.0016666666666666668,
        0.008666666666666666,
        0.0003333333333333333,
        0.0003333333333333333,
        0.004333333333333333,
        0.0,
        0.0036666666666666666,
        0.0006666666666666666,
        0.002,
        0.0006666666666666666,
        0.0023333333333333335,
        0.0003333333333333333,
        0.0,
        0.0003333333333333333,
        0.0003333333333333333,
        0.0006666666666666666,
        0.0013333333333333333,
        0.008,
        0.014666666666666666,
        0.016666666666666666,
        0.001,
        0.014333333333333333,
        0.008666666666666666,
        0.0036666666666666666,
        0.0,
        0.0003333333333333333,
        0.0003333333333333333,
        0.004666666666666667,
        0.0006666666666666666,
        0.001,
        0.001,
        0.0003333333333333333,
        0.003,
        0.010666666666666666,
        0.0023333333333333335,
        0.0,
        0.0026666666666666666,
        0.005,
        0.0016666666666666668,
        0.004,
        0.0003333333333333333,
        0.007,
        0.009666666666666667,
        0.006666666666666667,
        0.004333333333333333,
        0.001,
        0.0006666666666666666,
        0.0013333333333333333,
        0.001,
        0.0,
        0.01,
        0.013,
        0.003,
