{
    "host": "remote",
    "hyps_file": "learned_01.hyps",
    "refs_file": "lm.refs",
    "mauve_kmeans_seed": 0,
    "mauve_max_len": 512,
    "mauve_scale_factor": 1,
    "mauve_score": 0.6553536386007548,
    "mauve_frontier_integral": 0.715082317884273,
    "mauve_div_curve": [
        [
            1.0,
            0.0
        ],
        [
            0.9999992846648968,
            3.950098250873049e-05
        ],
        [
            0.9684046545669543,
            0.0871310645376408
        ],
        [
            0.9350738554380474,
            0.15031829634302743
        ],
        [
            0.9008841344821161,
            0.20794653394677304
        ],
        [
            0.8661164333358209,
            0.2622533500535893
        ],
        [
            0.8309050616139925,
            0.3141466041702664
        ],
        [
            0.7953258961426534,
            0.3641033542975233
        ],
        [
            0.7594255401349758,
            0.412407536492409
        ],
        [
            0.7232335784984733,
            0.459239370852455
        ],
        [
            0.6867684796934106,
            0.504716001103675
        ],
        [
            0.6500406402363558,
            0.5489122000807444
        ],
        [
            0.6130539389846741,
            0.5918716006324644
        ],
        [
            0.5758063814088752,
            0.6336128260114974
        ],
        [
            0.5382900645989822,
            0.6741325028902019
        ],
        [
            0.5004904944308759,
            0.7134060489985887
        ],
        [
            0.46238511773236335,
            0.7513865279615982
        ],
        [
            0.4239407111277451,
            0.788001422587975
        ],
        [
            0.3851088767923889,
            0.8231466968190725
        ],
        [
            0.3458180749626807,
            0.8566767790741867
        ],
        [
            0.30595867577907127,
            0.8883877005264587
        ],
        [
            0.265352235149436,
            0.9179875639245665
        ],
        [
            0.22367917840603926,
            0.9450408846582621
        ],
        [
            0.18026794928505108,
            0.9688508204935175
        ],
        [
            0.13317575398091627,
            0.9881577424952952
        ],
        [
            0.02240635792425748,
            0.999999861328372
        ],
        [
            0.0,
            1.0
        ]
    ],
    "mauve_p_hist": [
        0.001,
        0.004,
        0.0013333333333333333,
        0.0003333333333333333,
        0.016666666666666666,
        0.01,
        0.014333333333333333,
        0.002,
        0.001,
        0.001,
        0.0,
        0.0,
        0.006,
        0.0006666666666666666,
        0.001,
        0.001,
        0.002,
        0.001,
        0.004666666666666667,
        0.0016666666666666668,
        0.007333333333333333,
        0.0026666666666666666,
        0.0,
        0.0006666666666666666,
        0.004,
        0.0016666666666666668,
        0.003,
        0.002,
        0.001,
        0.0003333333333333333,
        0.0,
        0.001,
        0.008666666666666666,
        0.0003333333333333333,
        0.0003333333333333333,
        0.003,
        0.0013333333333333333,
        0.0006666666666666666,
        0.0016666666666666668,
        0.0006666666666666666,
        0.007666666666666666,
        0.002,
        0.001,
        0.002,
        0.0006666666666666666,
        0.003,
        0.005,
        0.005333333333333333,
        0.010333333333333333,
        0.0036666666666666666,
        0.0026666666666666666,
        0.0003333333333333333,
        0.0006666666666666666,
        0.002,
        0.010333333333333333,
        0.023666666666666666,
        0.0,
        0.0003333333333333333,
        0.0,
        0.001,
        0.0006666666666666666,
        0.004,
        0.0006666666666666666,
        0.005333333333333333,
        0.0003333333333333333,
        0.0036666666666666666,
        0.009333333333333334,
        0.0023333333333333335,
        0.0003333333333333333,
        0.0003333333333333333,
        0.0006666666666666666,
        0.0003333333333333333,
        0.0016666666666666668,
        0.0,
        0.014,
        0.0003333333333333333,
        0.008,
        0.0,
        0.0003333333333333333,
        0.0023333333333333335,
        0.004333333333333333,
        0.001,
        0.0003333333333333333,
        0.010333333333333333,
        0.0,
        0.0003333333333333333,
        0.015333333333333332,
        0.007,
        0.004,
        0.003,
        0.0,
        0.0006666666666666666,
        0.0006666666666666666,
        0.014333333333333333,
        0.003,
        0.011,
        0.0003333333333333333,
        0.0016666666666666668,
        0.0016666666666666668,
        0.0023333333333333335,
        0.002,
        0.0006666666666666666,
        0.0,
        0.002,
        0.0003333333333333333,
        0.0,
        0.005,
        0.003,
        0.0013333333333333333,
        0.006,
        0.001,
        0.0006666666666666666,
        0.0016666666666666668,
        0.006666666666666667,
        0.0013333333333333333,
        0.001,
        0.0006666666666666666,
        0.0016666666666666668,
        0.002,
        0.005666666666666667,
        0.006333333333333333,
        0.014333333333333333,
        0.0006666666666666666,
        0.0003333333333333333,
        0.0023333333333333335,
        0.003,
        0.004333333333333333,
        0.005,
        0.0003333333333333333,
        0.001,
        0.0033333333333333335,
        0.014333333333333333,
        0.0003333333333333333,
        0.003,
        0.0006666666666666666,
        0.0006666666666666666,
        0.0,
        0.0003333333333333333,
        0.006,
        0.011333333333333334,
        0.0,
        0.001,
        0.004333333333333333,
        0.0003333333333333333,
        0.0006666666666666666,
        0.006,
        0.0,
        0.0003333333333333333,
        0.001,
        0.0013333333333333333,
        0.0016666666666666668,
        0.007,
        0.0026666666666666666,
        0.008,
        0.002,
        0.004666666666666667,
        0.0,
        0.0006666666666666666,
        0.009333333333333334,
        0.003,
        0.011333333333333334,
        0.0003333333333333333,
        0.008666666666666666,
        0.0033333333333333335,
        0.002,
        0.001,
        0.0003333333333333333,
        0.0,
        0.005333333333333333,
        0.011666666666666667,
        0.008,
        0.005,
        0.0003333333333333333,
        0.0003333333333333333,
        0.005333333333333333,
        0.0,
        0.0036666666666666666,
        0.0006666666666666666,
        0.0026666666666666666,
        0.0013333333333333333,
        0.001,
        0.0003333333333333333,
        0.0006666666666666666,
        0.001,
        0.001,
        0.0003333333333333333,
        0.0033333333333333335,
        0.0003333333333333333,
        0.008,
        0.005666666666666667,
        0.009333333333333334,
        0.001,
        0.004666666666666667,
        0.004,
        0.0,
        0.0003333333333333333,
        0.0006666666666666666,
        0.0016666666666666668,
        0.0,
        0.009,
        0.012666666666666666,
        0.0,
        0.004333333333333333,
        0.009,
        0.011333333333333334,
        0.0003333333333333333,
        0.0013333333333333333,
        0.005,
        0.003,
        0.007,
        0.0,
        0.008666666666666666,
        0.0003333333333333333,
        0.007333333333333333,
        0.005666666666666667,
        0.008666666666666666,
        0.0,
        0.0,
        0.0003333333333333333,
        0.0003333333333333333,
        0.010666666666666666,
        0.0033333333333333335,
        0.0016666666666666668,
        0.005666666666666667,
        0.005333333333333333,
        0.0036666666666666666,
        0.0003333333333333333,
