{
    "host": "remote",
    "hyps_file": "learned_11.hyps",
    "refs_file": "lm.refs",
    "mauve_kmeans_seed": 42,
    "mauve_max_len": 512,
    "mauve_scale_factor": 1,
    "mauve_score": 0.6269717285315843,
    "mauve_frontier_integral": 0.764135835679938,
    "mauve_div_curve": [
        [
            1.0,
            0.0
        ],
        [
            0.9999992866645108,
            3.530823002895791e-05
        ],
        [
            0.9680762939688383,
            0.07795489430870821
        ],
        [
            0.9339944877594376,
            0.13617018372479128
        ],
        [
            0.898862125921774,
            0.19016455628373713
        ],
        [
            0.8630486511826573,
            0.2416695386824257
        ],
        [
            0.8267323116960901,
            0.29136463762364617
        ],
        [
            0.7900135832557178,
            0.3396003444567088
        ],
        [
            0.7529538576589336,
            0.3865828635067006
        ],
        [
            0.7155919982901164,
            0.4324419123893592
        ],
        [
            0.6779524114820525,
            0.4772609768729177
        ],
        [
            0.6400492701886018,
            0.5210924928398701
        ],
        [
            0.6018887392019608,
            0.5639659529829905
        ],
        [
            0.5634700058933987,
            0.6058922260268466
        ],
        [
            0.52478545682271,
            0.6468655499063892
        ],
        [
            0.4858200845994337,
            0.6868638302451298
        ],
        [
            0.4465500077579851,
            0.7258474113517603
        ],
        [
            0.4069397396804805,
            0.7637561257462988
        ],
        [
            0.36693742152890146,
            0.800504002480598
        ],
        [
            0.32646636453145944,
            0.8359703176132565
        ],
        [
            0.28540919690085936,
            0.8699842814279711
        ],
        [
            0.24357538149299915,
            0.9022974823296657
        ],
        [
            0.20062513114417632,
            0.9325298720896327
        ],
        [
            0.1558491091924595,
            0.960048875287954
        ],
        [
            0.10721867662844466,
            0.9836327483913956
        ],
        [
            0.006251480972915464,
            0.9999997646608197
        ],
        [
            0.0,
            1.0
        ]
    ],
    "mauve_p_hist": [
        0.0006666666666666666,
        0.003,
        0.017333333333333333,
        0.015666666666666666,
        0.0006666666666666666,
        0.005666666666666667,
        0.004333333333333333,
        0.0016666666666666668,
        0.0026666666666666666,
        0.0013333333333333333,
        0.0006666666666666666,
        0.006333333333333333,
        0.002,
        0.0003333333333333333,
        0.0006666666666666666,
        0.0006666666666666666,
        0.0023333333333333335,
        0.0003333333333333333,
        0.004,
        0.0013333333333333333,
        0.017333333333333333,
        0.0003333333333333333,
        0.001,
        0.005333333333333333,
        0.001,
        0.006333333333333333,
        0.0,
        0.0,
        0.002,
        0.0036666666666666666,
        0.0013333333333333333,
        0.0006666666666666666,
        0.0033333333333333335,
        0.0016666666666666668,
        0.004666666666666667,
        0.010333333333333333,
        0.014666666666666666,
        0.0,
        0.02,
        0.0023333333333333335,
        0.0,
        0.0003333333333333333,
        0.013333333333333334,
        0.0003333333333333333,
        0.0023333333333333335,
        0.0,
        0.0013333333333333333,
        0.006666666666666667,
        0.001,
        0.001,
        0.004,
        0.0003333333333333333,
        0.005,
        0.004666666666666667,
        0.001,
        0.0003333333333333333,
        0.0,
        0.009666666666666667,
        0.0003333333333333333,
        0.007666666666666666,
        0.007333333333333333,
        0.007666666666666666,
        0.0,
        0.0,
        0.0003333333333333333,
        0.0006666666666666666,
        0.0013333333333333333,
        0.002,
        0.0003333333333333333,
        0.0,
        0.0003333333333333333,
        0.0,
        0.004,
        0.0023333333333333335,
        0.003,
        0.01,
        0.0033333333333333335,
        0.0003333333333333333,
        0.0,
        0.0003333333333333333,
        0.0003333333333333333,
        0.0,
        0.006333333333333333,
        0.004,
        0.0,
        0.007,
        0.0033333333333333335,
        0.0006666666666666666,
        0.0,
        0.0003333333333333333,
        0.0033333333333333335,
        0.009666666666666667,
        0.009,
        0.0003333333333333333,
        0.01,
        0.0003333333333333333,
        0.0013333333333333333,
        0.0016666666666666668,
        0.012333333333333333,
        0.005666666666666667,
        0.006333333333333333,
        0.005333333333333333,
        0.002,
        0.0036666666666666666,
        0.007333333333333333,
        0.0003333333333333333,
        0.0,
        0.0016666666666666668,
        0.007666666666666666,
        0.0,
        0.0006666666666666666,
        0.001,
        0.007333333333333333,
        0.0026666666666666666,
        0.0016666666666666668,
        0.0006666666666666666,
        0.004,
        0.005333333333333333,
        0.001,
        0.0003333333333333333,
        0.005333333333333333,
        0.0003333333333333333,
        0.0023333333333333335,
        0.010666666666666666,
        0.0003333333333333333,
        0.0003333333333333333,
        0.0023333333333333335,
        0.0003333333333333333,
        0.012333333333333333,
        0.0,
        0.0013333333333333333,
        0.0003333333333333333,
        0.0003333333333333333,
        0.001,
        0.0023333333333333335,
        0.0003333333333333333,
        0.0006666666666666666,
        0.011,
        0.0,
        0.0033333333333333335,
        0.0,
        0.0026666666666666666,
        0.0003333333333333333,
        0.005333333333333333,
        0.004333333333333333,
        0.0,
        0.012333333333333333,
        0.008333333333333333,
        0.0003333333333333333,
        0.0036666666666666666,
        0.0026666666666666666,
        0.0,
        0.0,
        0.0003333333333333333,
        0.005333333333333333,
        0.0003333333333333333,
        0.0,
        0.0,
        0.0036666666666666666,
        0.010333333333333333,
        0.0,
        0.005,
        0.0003333333333333333,
        0.0003333333333333333,
        0.013666666666666667,
        0.0,
        0.0,
        0.0036666666666666666,
        0.018333333333333333,
        0.002,
        0.002,
        0.0013333333333333333,
        0.0,
        0.001,
        0.008666666666666666,
        0.0,
        0.0003333333333333333,
        0.0006666666666666666,
        0.008,
        0.0,
        0.006,
        0.01,
        0.007,
        0.004666666666666667,
        0.002,
        0.0023333333333333335,
        0.0006666666666666666,
        0.011333333333333334,
        0.004333333333333333,
        0.0003333333333333333,
        0.0006666666666666666,
        0.003,
        0.011,
        0.005333333333333333,
        0.0003333333333333333,
        0.004333333333333333,
        0.0,
        0.001,
        0.0003333333333333333,
        0.0,
        0.007666666666666666,
        0.0036666666666666666,
        0.0,
        0.008,
        0.009333333333333334,
        0.0003333333333333333,
        0.0006666666666666666,
        0.0006666666666666666,
        0.0016666666666666668,
        0.002,
        0.005,
        0.0016666666666666668,
        0.011666666666666667,
        0.0023333333333333335,
        0.0,
        0.0006666666666666666,
        0.0016666666666666668,
        0.004333333333333333,
        0.002,
