{
    "host": "remote",
    "hyps_file": "learned_07.hyps",
    "refs_file": "lm.refs",
    "mauve_kmeans_seed": 0,
    "mauve_max_len": 512,
    "mauve_scale_factor": 1,
    "mauve_score": 0.6303510718061012,
    "mauve_frontier_integral": 0.7581054586416643,
    "mauve_div_curve": [
        [
            1.0,
            0.0
        ],
        [
            0.9999992506648673,
            2.4503117947489482e-05
        ],
        [
            0.9670355676326022,
            0.07751844422340622
        ],
        [
            0.9324205108857065,
            0.13674652006583338
        ],
        [
            0.8969963449491114,
            0.1916330945314144
        ],
        [
            0.8610316929634724,
            0.24391683668711392
        ],
        [
            0.8246558041849645,
            0.2943005752784889
        ],
        [
            0.7879423028815247,
            0.34315151301977825
        ],
        [
            0.7509369002618494,
            0.3906864166812267
        ],
        [
            0.7136690794342248,
            0.43704116092124
        ],
        [
            0.6761577509142205,
            0.4823022340326003
        ],
        [
            0.6384141926631588,
            0.5265226899112558
        ],
        [
            0.6004435730032534,
            0.5697306905230098
        ],
        [
            0.5622456094249978,
            0.6119340300926016
        ],
        [
            0.5238145850059103,
            0.6531221594131869
        ],
        [
            0.4851387549869903,
            0.6932663642875595
        ],
        [
            0.4461990157551709,
            0.7323182608036612
        ],
        [
            0.40696649746945396,
            0.7702063821665462
        ],
        [
            0.3673983663886182,
            0.8068301726686756
        ],
        [
            0.3274303327903348,
            0.8420499586976439
        ],
        [
            0.2869624752620495,
            0.8756700025204953
        ],
        [
            0.24582985559651016,
            0.9074084628449167
        ],
        [
            0.20373274028887575,
            0.9368396879764452
        ],
        [
            0.16003121382984004,
            0.9632687743037729
        ],
        [
            0.11284044934503225,
            0.985398121331206
        ],
        [
            0.010077195037391653,
            0.9999998036612622
        ],
        [
            0.0,
            1.0
        ]
    ],
    "mauve_p_hist": [
        0.0013333333333333333,
        0.0,
        0.0003333333333333333,
        0.0003333333333333333,
        0.003,
        0.0006666666666666666,
        0.005333333333333333,
        0.0,
        0.009666666666666667,
        0.001,
        0.005333333333333333,
        0.025666666666666667,
        0.009666666666666667,
        0.001,
        0.0006666666666666666,
        0.0023333333333333335,
        0.004,
        0.0003333333333333333,
        0.009,
        0.006333333333333333,
        0.0006666666666666666,
        0.010333333333333333,
        0.012666666666666666,
        0.007666666666666666,
        0.007666666666666666,
        0.0003333333333333333,
        0.0,
        0.001,
        0.0016666666666666668,
        0.0,
        0.0006666666666666666,
        0.0003333333333333333,
        0.005666666666666667,
        0.0026666666666666666,
        0.0,
        0.0013333333333333333,
        0.002,
        0.020666666666666667,
        0.0016666666666666668,
        0.01,
        0.0003333333333333333,
        0.0003333333333333333,
        0.0016666666666666668,
        0.0003333333333333333,
        0.0023333333333333335,
        0.0,
        0.0,
        0.0003333333333333333,
        0.0003333333333333333,
        0.007333333333333333,
        0.0016666666666666668,
        0.006,
        0.0003333333333333333,
        0.001,
        0.0026666666666666666,
        0.005666666666666667,
        0.001,
        0.0033333333333333335,
        0.004,
        0.0003333333333333333,
        0.0003333333333333333,
        0.001,
        0.001,
        0.0,
        0.01,
        0.0,
        0.012666666666666666,
        0.0003333333333333333,
        0.0006666666666666666,
        0.0,
        0.008,
        0.0006666666666666666,
        0.0033333333333333335,
        0.001,
        0.0003333333333333333,
        0.0003333333333333333,
        0.008,
        0.0033333333333333335,
        0.004,
        0.006,
        0.0013333333333333333,
        0.0036666666666666666,
        0.002,
        0.006,
        0.0036666666666666666,
        0.0006666666666666666,
        0.0006666666666666666,
        0.0003333333333333333,
        0.0006666666666666666,
        0.0013333333333333333,
        0.0003333333333333333,
        0.0,
        0.010333333333333333,
        0.0006666666666666666,
        0.0,
        0.0,
        0.0003333333333333333,
        0.008,
        0.0033333333333333335,
        0.0006666666666666666,
        0.008,
        0.0033333333333333335,
        0.007,
        0.0,
        0.004666666666666667,
        0.0033333333333333335,
        0.0026666666666666666,
        0.0026666666666666666,
        0.0006666666666666666,
        0.0033333333333333335,
        0.009333333333333334,
        0.001,
        0.0,
        0.008666666666666666,
        0.0006666666666666666,
        0.0003333333333333333,
        0.0026666666666666666,
        0.002,
        0.0006666666666666666,
        0.0,
        0.0036666666666666666,
        0.005666666666666667,
        0.0036666666666666666,
        0.007,
        0.001,
        0.005,
        0.001,
        0.0,
        0.003,
        0.0006666666666666666,
        0.005666666666666667,
        0.005333333333333333,
        0.0003333333333333333,
        0.0016666666666666668,
        0.003,
        0.0003333333333333333,
        0.011333333333333334,
        0.0006666666666666666,
        0.0003333333333333333,
        0.0016666666666666668,
        0.0016666666666666668,
        0.0003333333333333333,
        0.0006666666666666666,
        0.007333333333333333,
        0.007666666666666666,
        0.001,
        0.014666666666666666,
        0.004333333333333333,
        0.005333333333333333,
        0.008333333333333333,
        0.004333333333333333,
        0.011,
        0.004666666666666667,
        0.005666666666666667,
        0.0013333333333333333,
        0.006,
        0.008666666666666666,
        0.0,
        0.0023333333333333335,
        0.001,
        0.005666666666666667,
        0.0003333333333333333,
        0.0,
        0.0003333333333333333,
        0.0003333333333333333,
        0.0,
        0.0013333333333333333,
        0.004,
        0.016,
        0.006,
        0.0013333333333333333,
        0.0,
        0.013,
        0.0006666666666666666,
        0.0,
        0.014,
        0.006333333333333333,
        0.010333333333333333,
        0.006666666666666667,
        0.013333333333333334,
        0.0026666666666666666,
        0.0,
        0.005666666666666667,
        0.001,
        0.0003333333333333333,
        0.002,
        0.0,
        0.0026666666666666666,
        0.0,
        0.0016666666666666668,
        0.0006666666666666666,
        0.0036666666666666666,
        0.0023333333333333335,
        0.003,
        0.013,
        0.008666666666666666,
        0.0003333333333333333,
        0.003,
        0.0006666666666666666,
        0.0006666666666666666,
        0.01,
        0.005333333333333333,
        0.0033333333333333335,
        0.0006666666666666666,
        0.0013333333333333333,
        0.0006666666666666666,
        0.001,
        0.0006666666666666666,
        0.0,
        0.0006666666666666666,
        0.008,
        0.0003333333333333333,
        0.0003333333333333333,
        0.0,
        0.001,
        0.0006666666666666666,
        0.007666666666666666,
        0.0,
        0.008666666666666666,
        0.0026666666666666666,
