{
    "host": "remote",
    "hyps_file": "learned_04.hyps",
    "refs_file": "lm.refs",
    "mauve_kmeans_seed": 0,
    "mauve_max_len": 512,
    "mauve_scale_factor": 1,
    "mauve_score": 0.6511325723132673,
    "mauve_frontier_integral": 0.7221190598880511,
    "mauve_div_curve": [
        [
            1.0,
            0.0
        ],
        [
            0.9999992496652997,
            2.691710345148093e-05
        ],
        [
            0.9673698342569172,
            0.08423820517177273
        ],
        [
            0.9333668016991875,
            0.14708159335100845
        ],
        [
            0.898646156310136,
            0.20464912624547985
        ],
        [
            0.8634344757392279,
            0.2590336580619213
        ],
        [
            0.8278453643579251,
            0.31108588189552544
        ],
        [
            0.7919446804998567,
            0.36125219143266063
        ],
        [
            0.7557734048370202,
            0.40979763395992386
        ],
        [
            0.7193576775872124,
            0.4568897665178366
        ],
        [
            0.6827137812101428,
            0.5026366924484664
        ],
        [
            0.6458507613105793,
            0.5471063748262759
        ],
        [
            0.6087717750287559,
            0.5903370516465233
        ],
        [
            0.5714746388290852,
            0.6323428518153211
        ],
        [
            0.5339517615094981,
            0.6731164609465716
        ],
        [
            0.4961894763023061,
            0.7126296572504711
        ],
        [
            0.458166631910065,
            0.7508319685856838
        ],
        [
            0.4198520922106575,
            0.7876472761807547
        ],
        [
            0.3812004160056704,
            0.8229677188922303
        ],
        [
            0.3421441894187069,
            0.8566435228722485
        ],
        [
            0.3025795795250352,
            0.8884659977605577
        ],
        [
            0.26233649935226533,
            0.9181379263493316
        ],
        [
            0.22110802107120947,
            0.9452180876420231
        ],
        [
            0.17824345977226883,
            0.9690046919392635
        ],
        [
            0.13184153987495195,
            0.9882395953285952
        ],
        [
            0.02247180960845592,
            0.9999998623284171
        ],
        [
            0.0,
            1.0
        ]
    ],
    "mauve_p_hist": [
        0.0003333333333333333,
        0.006666666666666667,
        0.0003333333333333333,
        0.0006666666666666666,
        0.010333333333333333,
        0.0006666666666666666,
        0.005666666666666667,
        0.0023333333333333335,
        0.0006666666666666666,
        0.006,
        0.0,
        0.0003333333333333333,
        0.006333333333333333,
        0.0,
        0.007333333333333333,
        0.0006666666666666666,
        0.003,
        0.0,
        0.0033333333333333335,
        0.014,
        0.006666666666666667,
        0.0026666666666666666,
        0.0003333333333333333,
        0.0003333333333333333,
        0.0033333333333333335,
        0.0013333333333333333,
        0.005333333333333333,
        0.006,
        0.0036666666666666666,
        0.0,
        0.0006666666666666666,
        0.0,
        0.01,
        0.0003333333333333333,
        0.0003333333333333333,
        0.011666666666666667,
        0.0013333333333333333,
        0.0,
        0.0003333333333333333,
        0.0006666666666666666,
        0.005666666666666667,
        0.0003333333333333333,
        0.0006666666666666666,
        0.011333333333333334,
        0.001,
        0.002,
        0.008666666666666666,
        0.009,
        0.013333333333333334,
        0.0033333333333333335,
        0.0006666666666666666,
        0.0003333333333333333,
        0.0003333333333333333,
        0.0026666666666666666,
        0.0016666666666666668,
        0.0006666666666666666,
        0.0003333333333333333,
        0.0003333333333333333,
        0.0003333333333333333,
        0.0013333333333333333,
        0.0006666666666666666,
        0.005333333333333333,
        0.004,
        0.013,
        0.0,
        0.001,
        0.0023333333333333335,
        0.0006666666666666666,
        0.0,
        0.0006666666666666666,
        0.0003333333333333333,
        0.0,
        0.0006666666666666666,
        0.001,
        0.0006666666666666666,
        0.0013333333333333333,
        0.0033333333333333335,
        0.0003333333333333333,
        0.0003333333333333333,
        0.001,
        0.012333333333333333,
        0.001,
        0.0003333333333333333,
        0.002,
        0.0003333333333333333,
        0.0,
        0.004,
        0.0013333333333333333,
        0.0013333333333333333,
        0.009333333333333334,
        0.0003333333333333333,
        0.005,
        0.001,
        0.005333333333333333,
        0.0023333333333333335,
        0.0013333333333333333,
        0.0023333333333333335,
        0.002,
        0.005666666666666667,
        0.005333333333333333,
        0.007,
        0.001,
        0.0003333333333333333,
        0.002,
        0.0006666666666666666,
        0.0,
        0.006,
        0.006,
        0.0016666666666666668,
        0.009666666666666667,
        0.001,
        0.01,
        0.011333333333333334,
        0.003,
        0.0,
        0.0016666666666666668,
        0.001,
        0.0006666666666666666,
        0.005,
        0.0003333333333333333,
        0.0036666666666666666,
        0.004,
        0.0003333333333333333,
        0.0003333333333333333,
        0.002,
        0.0006666666666666666,
        0.011333333333333334,
        0.002,
        0.0006666666666666666,
        0.0023333333333333335,
        0.0023333333333333335,
        0.010666666666666666,
        0.0003333333333333333,
        0.006666666666666667,
        0.008333333333333333,
        0.0023333333333333335,
        0.0,
        0.0006666666666666666,
        0.006333333333333333,
        0.011666666666666667,
        0.0003333333333333333,
        0.0013333333333333333,
        0.006,
        0.0,
        0.0003333333333333333,
        0.013,
        0.0,
        0.017333333333333333,
        0.0,
        0.001,
        0.0016666666666666668,
        0.003,
        0.0023333333333333335,
        0.001,
        0.001,
        0.0016666666666666668,
        0.001,
        0.0016666666666666668,
        0.006,
        0.0003333333333333333,
        0.006,
        0.0,
        0.009666666666666667,
        0.0033333333333333335,
        0.002,
        0.005666666666666667,
        0.002,
        0.0,
        0.011666666666666667,
        0.0023333333333333335,
        0.0026666666666666666,
        0.0013333333333333333,
        0.0,
        0.0003333333333333333,
        0.003,
        0.0003333333333333333,
        0.0016666666666666668,
        0.0003333333333333333,
        0.004,
        0.0013333333333333333,
        0.0013333333333333333,
        0.0003333333333333333,
        0.0,
        0.0003333333333333333,
        0.0006666666666666666,
        0.0016666666666666668,
        0.0013333333333333333,
        0.004333333333333333,
        0.0026666666666666666,
        0.009,
        0.001,
        0.0006666666666666666,
        0.008333333333333333,
        0.006,
        0.0016666666666666668,
        0.0003333333333333333,
        0.0,
        0.001,
        0.0003333333333333333,
        0.005,
        0.0006666666666666666,
        0.0006666666666666666,
        0.004333333333333333,
        0.006666666666666667,
        0.010666666666666666,
        0.001,
        0.0013333333333333333,
        0.01,
        0.004333333333333333,
        0.003,
        0.0003333333333333333,
        0.004333333333333333,
        0.0026666666666666666,
        0.001,
        0.014,
        0.0033333333333333335,
        0.0006666666666666666,
        0.0003333333333333333,
