{
    "host": "remote",
    "hyps_file": "learned_08.hyps",
    "refs_file": "lm.refs",
    "mauve_kmeans_seed": 42,
    "mauve_max_len": 512,
    "mauve_scale_factor": 1,
    "mauve_score": 0.6341267901185534,
    "mauve_frontier_integral": 0.751644166706571,
    "mauve_div_curve": [
        [
            1.0,
            0.0
        ],
        [
            0.9999992791550921,
            3.427731076372804e-05
        ],
        [
            0.9681126348041768,
            0.08027054981541838
        ],
        [
            0.9342577906630322,
            0.1396927889509368
        ],
        [
            0.8993941554163715,
            0.19456001503430287
        ],
        [
            0.8638635772125711,
            0.2467435663088244
        ],
        [
            0.8278345002322265,
            0.2969801645758353
        ],
        [
            0.7914031750327126,
            0.3456500250650972
        ],
        [
            0.7546291396661106,
            0.3929765905681618
        ],
        [
            0.7175506110460977,
            0.43910005548473513
        ],
        [
            0.6801920531289624,
            0.484110241389576
        ],
        [
            0.6425681617461696,
            0.5280631166401165
        ],
        [
            0.6046859739989039,
            0.570989625793889
        ],
        [
            0.5665458483423885,
            0.6129003992606834
        ],
        [
            0.5281416298145383,
            0.6537879353137661
        ],
        [
            0.48946007242897355,
            0.6936269484843024
        ],
        [
            0.45047939453154834,
            0.7323730804154347
        ],
        [
            0.41116659577168413,
            0.769959790456491
        ],
        [
            0.37147273352357324,
            0.806292811763042
        ],
        [
            0.3313244524953111,
            0.8412408758879566
        ],
        [
            0.29060789726064734,
            0.8746200918850571
        ],
        [
            0.24913520236711859,
            0.9061664638741224
        ],
        [
            0.20656433644594857,
            0.9354837612759042
        ],
        [
            0.1621605600123693,
            0.9619325610433901
        ],
        [
            0.11372952779832085,
            0.9843463713690918
        ],
        [
            0.0063873611924274674,
            0.999999754840958
        ],
        [
            0.0,
            1.0
        ]
    ],
    "mauve_p_hist": [
        0.0,
        0.000680040802448147,
        0.007480448826929617,
        0.0003400204012240735,
        0.002720163209792588,
        0.002720163209792588,
        0.01462087725263516,
        0.004760285617137029,
        0.001360081604896294,
        0.000680040802448147,
        0.0003400204012240735,
        0.0017001020061203674,
        0.0166609996599796,
        0.009180550833049984,
        0.02108126487589256,
        0.0,
        0.005100306018361102,
        0.0003400204012240735,
        0.008500510030601838,
        0.000680040802448147,
        0.0010200612036722206,
        0.000680040802448147,
        0.0044202652159129555,
        0.0003400204012240735,
        0.0010200612036722206,
        0.000680040802448147,
        0.005780346820809249,
        0.0,
        0.002720163209792588,
        0.006460387623257396,
        0.000680040802448147,
        0.02958177490649439,
        0.0003400204012240735,
        0.00680040802448147,
        0.000680040802448147,
        0.0010200612036722206,
        0.0003400204012240735,
        0.000680040802448147,
        0.000680040802448147,
        0.01054063243794628,
        0.0010200612036722206,
        0.0010200612036722206,
        0.0,
        0.0017001020061203674,
        0.0,
        0.001360081604896294,
        0.005780346820809249,
        0.0,
        0.0010200612036722206,
        0.0040802448146888826,
        0.0010200612036722206,
        0.01054063243794628,
        0.0003400204012240735,
        0.0010200612036722206,
        0.0,
        0.002720163209792588,
        0.001360081604896294,
        0.005100306018361102,
        0.004760285617137029,
        0.001360081604896294,
        0.0044202652159129555,
        0.001360081604896294,
        0.010200612036722205,
        0.008160489629377765,
        0.0003400204012240735,
        0.001360081604896294,
        0.0020401224073444413,
        0.000680040802448147,
        0.0003400204012240735,
        0.0010200612036722206,
        0.0003400204012240735,
        0.0003400204012240735,
        0.009180550833049984,
        0.000680040802448147,
        0.000680040802448147,
        0.0023801428085685147,
        0.006120367222033323,
        0.0,
        0.011560693641618498,
        0.005780346820809249,
        0.003400204012240735,
        0.0037402244134648083,
        0.0010200612036722206,
        0.000680040802448147,
        0.0023801428085685147,
        0.006120367222033323,
        0.008840530431825911,
        0.000680040802448147,
        0.0030601836110166615,
        0.011220673240394425,
        0.0017001020061203674,
        0.005780346820809249,
        0.0,
        0.0010200612036722206,
        0.006120367222033323,
        0.0,
        0.011560693641618498,
        0.00680040802448147,
        0.0,
        0.0003400204012240735,
        0.011220673240394425,
        0.009180550833049984,
        0.008500510030601838,
        0.0,
        0.0,
        0.0,
        0.007140428425705544,
        0.0010200612036722206,
        0.0,
        0.0003400204012240735,
        0.002720163209792588,
        0.0017001020061203674,
        0.0,
        0.003400204012240735,
        0.0010200612036722206,
        0.0023801428085685147,
        0.0,
        0.000680040802448147,
        0.008840530431825911,
        0.006120367222033323,
        0.000680040802448147,
        0.0030601836110166615,
        0.0003400204012240735,
        0.0,
        0.000680040802448147,
        0.0003400204012240735,
        0.0,
        0.012920775246514792,
        0.0,
        0.0,
        0.0003400204012240735,
        0.0010200612036722206,
        0.0020401224073444413,
        0.00782046922815369,
        0.000680040802448147,
        0.0040802448146888826,
        0.018361101666099968,
        0.0003400204012240735,
        0.0,
        0.000680040802448147,
        0.0,
        0.021761305678340705,
        0.001360081604896294,
        0.009520571234274059,
        0.0003400204012240735,
        0.002720163209792588,
        0.000680040802448147,
        0.0010200612036722206,
        0.011900714042842573,
        0.0023801428085685147,
        0.0003400204012240735,
        0.001360081604896294,
        0.0010200612036722206,
        0.001360081604896294,
        0.0017001020061203674,
        0.0017001020061203674,
        0.008500510030601838,
        0.012580754845290719,
        0.0023801428085685147,
        0.0030601836110166615,
        0.0,
        0.0,
        0.012240734444066646,
        0.0166609996599796,
        0.0010200612036722206,
        0.0030601836110166615,
        0.010200612036722205,
        0.0003400204012240735,
        0.0017001020061203674,
        0.0,
        0.000680040802448147,
        0.00680040802448147,
        0.0,
        0.0,
        0.0020401224073444413,
        0.0,
        0.0030601836110166615,
        0.0017001020061203674,
        0.000680040802448147,
        0.0010200612036722206,
        0.0010200612036722206,
        0.000680040802448147,
        0.0,
        0.000680040802448147,
        0.0003400204012240735,
        0.000680040802448147,
        0.012240734444066646,
        0.000680040802448147,
        0.002720163209792588,
        0.0003400204012240735,
        0.014960897653859233,
        0.0044202652159129555,
        0.0003400204012240735,
        0.0003400204012240735,
        0.000680040802448147,
        0.0,
        0.004760285617137029,
