{
    "host": "remote",
    "hyps_file": "learned_11.hyps",
    "refs_file": "lm.refs",
    "mauve_kmeans_seed": 0,
    "mauve_max_len": 512,
    "mauve_scale_factor": 1,
    "mauve_score": 0.636242354940801,
    "mauve_frontier_integral": 0.7479726453550412,
    "mauve_div_curve": [
        [
            1.0,
            0.0
        ],
        [
            0.9999992719982639,
            3.1999815916874025e-05
        ],
        [
            0.9678676634198133,
            0.08077085966069263
        ],
        [
            0.9339230853288158,
            0.14081166482452318
        ],
        [
            0.8990687581462965,
            0.19612982697295167
        ],
        [
            0.863610659801425,
            0.24863563807769914
        ],
        [
            0.8276960481549107,
            0.2990953692785531
        ],
        [
            0.7914073264710668,
            0.34791022427351
        ],
        [
            0.7547942514586384,
            0.3953190423922242
        ],
        [
            0.7178876807631556,
            0.44147376222740464
        ],
        [
            0.6807062295401444,
            0.48647349808647916
        ],
        [
            0.6432597088691441,
            0.5303818215607486
        ],
        [
            0.6055508853667877,
            0.5732360916341761
        ],
        [
            0.5675762236695105,
            0.6150525041001158
        ],
        [
            0.5293258813212723,
            0.6558285091559176
        ],
        [
            0.49078300391708185,
            0.695543322388314
        ],
        [
            0.45192218524677674,
            0.7341567391737255
        ],
        [
            0.4127067221214309,
            0.7716060681103568
        ],
        [
            0.37308388123158376,
            0.8078005463924836
        ],
        [
            0.33297653186141285,
            0.8426118773344736
        ],
        [
            0.29226744223484796,
            0.8758581219992221
        ],
        [
            0.2507669337002882,
            0.9072750361882098
        ],
        [
            0.2081363724644822,
            0.9364609598747784
        ],
        [
            0.16366304374633683,
            0.9627574177503897
        ],
        [
            0.11526350973463215,
            0.9849357007587771
        ],
        [
            0.008309371131769662,
            0.9999997809951024
        ],
        [
            0.0,
            1.0
        ]
    ],
    "mauve_p_hist": [
        0.0013333333333333333,
        0.001,
        0.004333333333333333,
        0.004333333333333333,
        0.004,
        0.006666666666666667,
        0.0036666666666666666,
        0.0033333333333333335,
        0.0036666666666666666,
        0.0,
        0.007333333333333333,
        0.0016666666666666668,
        0.0006666666666666666,
        0.005,
        0.0003333333333333333,
        0.002,
        0.0036666666666666666,
        0.0006666666666666666,
        0.0006666666666666666,
        0.001,
        0.0023333333333333335,
        0.0,
        0.0,
        0.0016666666666666668,
        0.004,
        0.005,
        0.003,
        0.0013333333333333333,
        0.0036666666666666666,
        0.0003333333333333333,
        0.0006666666666666666,
        0.0033333333333333335,
        0.0033333333333333335,
        0.015,
        0.0006666666666666666,
        0.0006666666666666666,
        0.0013333333333333333,
        0.0,
        0.0033333333333333335,
        0.0006666666666666666,
        0.0013333333333333333,
        0.0,
        0.0003333333333333333,
        0.0006666666666666666,
        0.0,
        0.0036666666666666666,
        0.013666666666666667,
        0.0,
        0.0006666666666666666,
        0.002,
        0.0036666666666666666,
        0.0006666666666666666,
        0.012,
        0.0006666666666666666,
        0.007,
        0.0016666666666666668,
        0.0003333333333333333,
        0.005,
        0.0,
        0.01633333333333333,
        0.0003333333333333333,
        0.0036666666666666666,
        0.0,
        0.0003333333333333333,
        0.0026666666666666666,
        0.005666666666666667,
        0.0016666666666666668,
        0.0023333333333333335,
        0.0036666666666666666,
        0.0003333333333333333,
        0.007,
        0.007,
        0.008666666666666666,
        0.004666666666666667,
        0.0,
        0.006,
        0.018666666666666668,
        0.0003333333333333333,
        0.0,
        0.016666666666666666,
        0.007333333333333333,
        0.0003333333333333333,
        0.006,
        0.0006666666666666666,
        0.007333333333333333,
        0.009333333333333334,
        0.013333333333333334,
        0.008333333333333333,
        0.0003333333333333333,
        0.0003333333333333333,
        0.0,
        0.007333333333333333,
        0.0006666666666666666,
        0.0036666666666666666,
        0.0,
        0.0016666666666666668,
        0.008333333333333333,
        0.004,
        0.006666666666666667,
        0.001,
        0.007,
        0.0036666666666666666,
        0.0003333333333333333,
        0.030333333333333334,
        0.0,
        0.001,
        0.001,
        0.008333333333333333,
        0.0003333333333333333,
        0.011333333333333334,
        0.006666666666666667,
        0.001,
        0.008333333333333333,
        0.0006666666666666666,
        0.0026666666666666666,
        0.0003333333333333333,
        0.0013333333333333333,
        0.0,
        0.0006666666666666666,
        0.0036666666666666666,
        0.0006666666666666666,
        0.009666666666666667,
        0.007666666666666666,
        0.006333333333333333,
        0.0033333333333333335,
        0.007666666666666666,
        0.001,
        0.0,
        0.0003333333333333333,
        0.019,
        0.0003333333333333333,
        0.0,
        0.007,
        0.0006666666666666666,
        0.0006666666666666666,
        0.011666666666666667,
        0.005666666666666667,
        0.0023333333333333335,
        0.0,
        0.0,
        0.001,
        0.0013333333333333333,
        0.009333333333333334,
        0.0003333333333333333,
        0.0016666666666666668,
        0.004,
        0.001,
        0.0006666666666666666,
        0.0,
        0.0036666666666666666,
        0.0003333333333333333,
        0.0013333333333333333,
        0.001,
        0.0,
        0.012,
        0.0003333333333333333,
        0.0013333333333333333,
        0.0016666666666666668,
        0.02033333333333333,
        0.0026666666666666666,
        0.010666666666666666,
        0.0,
        0.006666666666666667,
        0.0,
        0.001,
        0.005,
        0.0013333333333333333,
        0.0006666666666666666,
        0.009333333333333334,
        0.0013333333333333333,
        0.001,
        0.0016666666666666668,
        0.0026666666666666666,
        0.0,
        0.0003333333333333333,
        0.004666666666666667,
        0.0,
        0.002,
        0.0006666666666666666,
        0.003,
        0.006666666666666667,
        0.0,
        0.0,
        0.005666666666666667,
        0.0036666666666666666,
        0.002,
        0.019,
        0.001,
        0.0,
        0.009333333333333334,
        0.0003333333333333333,
        0.005,
        0.0006666666666666666,
        0.0,
        0.0,
        0.004666666666666667,
        0.010666666666666666,
        0.0003333333333333333,
        0.0013333333333333333,
        0.0003333333333333333,
        0.001,
        0.006,
        0.001,
        0.009666666666666667,
        0.005,
        0.0003333333333333333,
        0.009666666666666667,
        0.0026666666666666666,
        0.0023333333333333335,
        0.007,
        0.0006666666666666666,
        0.0026666666666666666,
        0.0,
        0.002,
        0.0,
        0.016,
        0.0006666666666666666,
        0.0,
        0.0006666666666666666,
        0.0,
        0.004,
        0.012333333333333333,
