{
    "host": "remote",
    "hyps_file": "learned_05.hyps",
    "refs_file": "lm.refs",
    "mauve_kmeans_seed": 0,
    "mauve_max_len": 512,
    "mauve_scale_factor": 1,
    "mauve_score": 0.6385312826492737,
    "mauve_frontier_integral": 0.7439146716472437,
    "mauve_div_curve": [
        [
            1.0,
            0.0
        ],
        [
            0.9999992463321556,
            2.5240605576932545e-05
        ],
        [
            0.9673051070752539,
            0.08140213539610251
        ],
        [
            0.9332214194938945,
            0.14232190621387714
        ],
        [
            0.8983912191586493,
            0.19824535811264057
        ],
        [
            0.8630446583592555,
            0.2511751816441409
        ],
        [
            0.8272955464705845,
            0.3019265163281773
        ],
        [
            0.7912083879930342,
            0.3509291391142971
        ],
        [
            0.7548221059537162,
            0.3984401365624001
        ],
        [
            0.7181603633867237,
            0.44462389247743017
        ],
        [
            0.6812365935316238,
            0.48958846286011753
        ],
        [
            0.6440565599821048,
            0.5334041480207071
        ],
        [
            0.6066195786958537,
            0.5761136180700801
        ],
        [
            0.5689188796913832,
            0.6177375045726523
        ],
        [
            0.53094127940159,
            0.6582772366936512
        ],
        [
            0.49266614344531057,
            0.6977159293281538
        ],
        [
            0.45406343817144124,
            0.7360176006896176
        ],
        [
            0.41509041106722777,
            0.7731246099140574
        ],
        [
            0.37568596758029826,
            0.8089527847966252
        ],
        [
            0.33576081269715585,
            0.8433830599169979
        ],
        [
            0.29517905254628285,
            0.8762471912014004
        ],
        [
            0.25372053317895116,
            0.9073023065095257
        ],
        [
            0.2109925662310348,
            0.9361818280998297
        ],
        [
            0.16617390817183875,
            0.9622881166369299
        ],
        [
            0.11690833413030431,
            0.9845032346115192
        ],
        [
            0.007243695037457651,
            0.9999997659951191
        ],
        [
            0.0,
            1.0
        ]
    ],
    "mauve_p_hist": [
        0.0016666666666666668,
        0.0003333333333333333,
        0.0006666666666666666,
        0.0,
        0.007,
        0.0003333333333333333,
        0.0023333333333333335,
        0.0003333333333333333,
        0.006333333333333333,
        0.0,
        0.005666666666666667,
        0.004666666666666667,
        0.01,
        0.0003333333333333333,
        0.0,
        0.001,
        0.004666666666666667,
        0.0,
        0.011666666666666667,
        0.006,
        0.001,
        0.003,
        0.007,
        0.005333333333333333,
        0.005333333333333333,
        0.0003333333333333333,
        0.0,
        0.0016666666666666668,
        0.017333333333333333,
        0.0006666666666666666,
        0.0,
        0.0,
        0.004333333333333333,
        0.007,
        0.0,
        0.005,
        0.0006666666666666666,
        0.0016666666666666668,
        0.003,
        0.0016666666666666668,
        0.0,
        0.0006666666666666666,
        0.006333333333333333,
        0.0006666666666666666,
        0.0006666666666666666,
        0.0,
        0.0,
        0.0003333333333333333,
        0.0003333333333333333,
        0.004666666666666667,
        0.004333333333333333,
        0.006,
        0.001,
        0.0013333333333333333,
        0.005666666666666667,
        0.023666666666666666,
        0.0013333333333333333,
        0.005666666666666667,
        0.0003333333333333333,
        0.001,
        0.004333333333333333,
        0.005333333333333333,
        0.0006666666666666666,
        0.0,
        0.0033333333333333335,
        0.0026666666666666666,
        0.015666666666666666,
        0.0016666666666666668,
        0.0003333333333333333,
        0.0,
        0.005,
        0.004,
        0.002,
        0.019,
        0.0013333333333333333,
        0.0,
        0.0013333333333333333,
        0.011333333333333334,
        0.003,
        0.0026666666666666666,
        0.004333333333333333,
        0.008666666666666666,
        0.006,
        0.002,
        0.0023333333333333335,
        0.0,
        0.0,
        0.0003333333333333333,
        0.0013333333333333333,
        0.0006666666666666666,
        0.0,
        0.0,
        0.008,
        0.001,
        0.0,
        0.0,
        0.0,
        0.008666666666666666,
        0.008333333333333333,
        0.0006666666666666666,
        0.0003333333333333333,
        0.0013333333333333333,
        0.001,
        0.0003333333333333333,
        0.0036666666666666666,
        0.003,
        0.007,
        0.0013333333333333333,
        0.0023333333333333335,
        0.0016666666666666668,
        0.004666666666666667,
        0.0006666666666666666,
        0.0003333333333333333,
        0.013,
        0.0023333333333333335,
        0.0003333333333333333,
        0.0013333333333333333,
        0.005666666666666667,
        0.0003333333333333333,
        0.0,
        0.016,
        0.0033333333333333335,
        0.0033333333333333335,
        0.005,
        0.0016666666666666668,
        0.0026666666666666666,
        0.0006666666666666666,
        0.0006666666666666666,
        0.0026666666666666666,
        0.007333333333333333,
        0.002,
        0.005333333333333333,
        0.0003333333333333333,
        0.0003333333333333333,
        0.003,
        0.0006666666666666666,
        0.0033333333333333335,
        0.0026666666666666666,
        0.001,
        0.003,
        0.0016666666666666668,
        0.0,
        0.0033333333333333335,
        0.012333333333333333,
        0.001,
        0.0006666666666666666,
        0.009,
        0.007,
        0.0023333333333333335,
        0.0003333333333333333,
        0.012666666666666666,
        0.0016666666666666668,
        0.0033333333333333335,
        0.01,
        0.0013333333333333333,
        0.01,
        0.015666666666666666,
        0.0003333333333333333,
        0.0036666666666666666,
        0.0003333333333333333,
        0.0003333333333333333,
        0.0,
        0.0,
        0.0013333333333333333,
        0.0023333333333333335,
        0.0003333333333333333,
        0.0,
        0.0006666666666666666,
        0.005666666666666667,
        0.004666666666666667,
        0.005666666666666667,
        0.0,
        0.0013333333333333333,
        0.001,
        0.0003333333333333333,
        0.005333333333333333,
        0.011,
        0.002,
        0.006666666666666667,
        0.008666666666666666,
        0.009333333333333334,
        0.0,
        0.010333333333333333,
        0.0026666666666666666,
        0.0003333333333333333,
        0.007,
        0.0003333333333333333,
        0.0023333333333333335,
        0.0,
        0.0033333333333333335,
        0.001,
        0.004,
        0.0,
        0.0023333333333333335,
        0.005,
        0.006666666666666667,
        0.0,
        0.007333333333333333,
        0.0026666666666666666,
        0.0006666666666666666,
        0.004,
        0.005333333333333333,
        0.001,
        0.0006666666666666666,
        0.0013333333333333333,
        0.0003333333333333333,
        0.0006666666666666666,
        0.0003333333333333333,
        0.0003333333333333333,
        0.0016666666666666668,
        0.0013333333333333333,
        0.0023333333333333335,
        0.0,
        0.001,
        0.004,
        0.0,
        0.009333333333333334,
        0.0,
        0.0006666666666666666,
        0.0003333333333333333,
        0.007333333333333333,
        0.0016666666666666668,
