{
    "host": "remote",
    "hyps_file": "learned_06.hyps",
    "refs_file": "lm.refs",
    "mauve_kmeans_seed": 42,
    "mauve_max_len": 512,
    "mauve_scale_factor": 1,
    "mauve_score": 0.6408710461104694,
    "mauve_frontier_integral": 0.7401569882703785,
    "mauve_div_curve": [
        [
            1.0,
            0.0
        ],
        [
            0.9999993096643407,
            4.797999168411557e-05
        ],
        [
            0.9689530682746534,
            0.08335759320946355
        ],
        [
            0.9357012806636337,
            0.14352984029907273
        ],
        [
            0.9013492717738432,
            0.19880956126770022
        ],
        [
            0.8662619446386208,
            0.251238893372141
        ],
        [
            0.8306182844135036,
            0.30162137720870763
        ],
        [
            0.794521191731234,
            0.35037091918544555
        ],
        [
            0.7580349391228843,
            0.39773034337751234
        ],
        [
            0.7212013185519851,
            0.44385191753180764
        ],
        [
            0.6840475937333692,
            0.4888333548742101
        ],
        [
            0.6465907165200273,
            0.5327358984146904
        ],
        [
            0.6088395950822906,
            0.575593989713055
        ],
        [
            0.5707961977508725,
            0.6174204392602876
        ],
        [
            0.532455830228532,
            0.6582088465239953
        ],
        [
            0.49380667799382083,
            0.6979340336954054
        ],
        [
            0.45482851349757025,
            0.7365507127045618
        ],
        [
            0.4154902341040062,
            0.7739901919151893
        ],
        [
            0.37574549787336897,
            0.8101544582497483
        ],
        [
            0.3355248961914175,
            0.8449062227696883
        ],
        [
            0.2947211353963696,
            0.8780520646079163
        ],
        [
            0.2531583499083492,
            0.9093125685592746
        ],
        [
            0.21051935574430206,
            0.9382650841976231
        ],
        [
            0.16613218276324354,
            0.9642196011445472
        ],
        [
            0.11803728079796338,
            0.9858879851108787
        ],
        [
            0.012502134432541376,
            0.9999998213273686
        ],
        [
            0.0,
            1.0
        ]
    ],
    "mauve_p_hist": [
        0.008333333333333333,
        0.0,
        0.004,
        0.0,
        0.0003333333333333333,
        0.0036666666666666666,
        0.0006666666666666666,
        0.0003333333333333333,
        0.0013333333333333333,
        0.003,
        0.0,
        0.0016666666666666668,
        0.002,
        0.006,
        0.004,
        0.007666666666666666,
        0.007666666666666666,
        0.0033333333333333335,
        0.0016666666666666668,
        0.0003333333333333333,
        0.003,
        0.010333333333333333,
        0.0013333333333333333,
        0.0006666666666666666,
        0.0006666666666666666,
        0.001,
        0.003,
        0.0023333333333333335,
        0.0006666666666666666,
        0.0006666666666666666,
        0.002,
        0.0006666666666666666,
        0.013333333333333334,
        0.0,
        0.0003333333333333333,
        0.0016666666666666668,
        0.002,
        0.0,
        0.010333333333333333,
        0.0006666666666666666,
        0.0026666666666666666,
        0.0,
        0.0006666666666666666,
        0.005666666666666667,
        0.004333333333333333,
        0.0023333333333333335,
        0.006333333333333333,
        0.005333333333333333,
        0.0023333333333333335,
        0.004666666666666667,
        0.010333333333333333,
        0.0013333333333333333,
        0.0016666666666666668,
        0.001,
        0.0016666666666666668,
        0.017,
        0.016666666666666666,
        0.0026666666666666666,
        0.0013333333333333333,
        0.0033333333333333335,
        0.006333333333333333,
        0.0,
        0.001,
        0.0013333333333333333,
        0.008333333333333333,
        0.0003333333333333333,
        0.0013333333333333333,
        0.0,
        0.0033333333333333335,
        0.0013333333333333333,
        0.0013333333333333333,
        0.0003333333333333333,
        0.0003333333333333333,
        0.0006666666666666666,
        0.007,
        0.0006666666666666666,
        0.008666666666666666,
        0.005,
        0.0,
        0.007666666666666666,
        0.002,
        0.015666666666666666,
        0.001,
        0.0,
        0.011333333333333334,
        0.007333333333333333,
        0.0013333333333333333,
        0.006333333333333333,
        0.0003333333333333333,
        0.003,
        0.0,
        0.0006666666666666666,
        0.0013333333333333333,
        0.0013333333333333333,
        0.009333333333333334,
        0.01,
        0.006333333333333333,
        0.006666666666666667,
        0.0023333333333333335,
        0.0023333333333333335,
        0.002,
        0.009666666666666667,
        0.0006666666666666666,
        0.008,
        0.0003333333333333333,
        0.003,
        0.008333333333333333,
        0.01,
        0.005333333333333333,
        0.001,
        0.0023333333333333335,
        0.0016666666666666668,
        0.0013333333333333333,
        0.005,
        0.008666666666666666,
        0.0016666666666666668,
        0.004,
        0.002,
        0.0003333333333333333,
        0.0,
        0.002,
        0.013666666666666667,
        0.007,
        0.0003333333333333333,
        0.006333333333333333,
        0.0,
        0.0006666666666666666,
        0.0003333333333333333,
        0.01,
        0.0006666666666666666,
        0.0023333333333333335,
        0.0003333333333333333,
        0.011666666666666667,
        0.0003333333333333333,
        0.003,
        0.0006666666666666666,
        0.015666666666666666,
        0.0013333333333333333,
        0.001,
        0.009666666666666667,
        0.004333333333333333,
        0.002,
        0.0003333333333333333,
        0.0,
        0.0003333333333333333,
        0.005666666666666667,
        0.0006666666666666666,
        0.0,
        0.0003333333333333333,
        0.001,
        0.0003333333333333333,
        0.0003333333333333333,
        0.0013333333333333333,
        0.0006666666666666666,
        0.0036666666666666666,
        0.0003333333333333333,
        0.0,
        0.006,
        0.0,
        0.0036666666666666666,
        0.0023333333333333335,
        0.004333333333333333,
        0.0013333333333333333,
        0.0003333333333333333,
        0.0,
        0.0003333333333333333,
        0.0003333333333333333,
        0.0006666666666666666,
        0.004333333333333333,
        0.0003333333333333333,
        0.0006666666666666666,
        0.0006666666666666666,
        0.007,
        0.005333333333333333,
        0.0003333333333333333,
        0.0,
        0.0,
        0.005,
        0.004,
        0.001,
        0.007,
        0.005333333333333333,
        0.007,
        0.0016666666666666668,
        0.0013333333333333333,
        0.0003333333333333333,
        0.0023333333333333335,
        0.005333333333333333,
        0.0033333333333333335,
        0.004333333333333333,
        0.0003333333333333333,
        0.014666666666666666,
        0.0026666666666666666,
        0.0,
        0.0016666666666666668,
        0.003,
        0.011666666666666667,
        0.0,
        0.0,
        0.002,
        0.0,
        0.006666666666666667,
        0.002,
        0.0016666666666666668,
        0.0,
        0.004,
        0.0006666666666666666,
        0.001,
        0.0003333333333333333,
        0.001,
        0.009,
        0.0006666666666666666,
        0.007,
        0.007333333333333333,
        0.0,
        0.001,
        0.016666666666666666,
        0.007,
        0.0003333333333333333,
