{
    "host": "remote",
    "hyps_file": "learned_03.hyps",
    "refs_file": "lm.refs",
    "mauve_kmeans_seed": 0,
    "mauve_max_len": 512,
    "mauve_scale_factor": 1,
    "mauve_score": 0.6675009652081851,
    "mauve_frontier_integral": 0.6944703095753346,
    "mauve_div_curve": [
        [
            1.0,
            0.0
        ],
        [
            0.9999993416723016,
            7.416910765349997e-05
        ],
        [
            0.9700682528034931,
            0.09256650123427193
        ],
        [
            0.937691578172594,
            0.15696985226828128
        ],
        [
            0.9041701493412938,
            0.21554108579673165
        ],
        [
            0.8699287861971678,
            0.27062602031180294
        ],
        [
            0.8351662733768876,
            0.32315621461142885
        ],
        [
            0.7999921088576178,
            0.3736187012916395
        ],
        [
            0.7644721407781013,
            0.4223036184664526
        ],
        [
            0.7286476522446231,
            0.4693957581231643
        ],
        [
            0.692544490549153,
            0.515015814741473
        ],
        [
            0.6561777830046653,
            0.5592413163689641
        ],
        [
            0.6195544142886908,
            0.602117965229047
        ],
        [
            0.5826742016936174,
            0.6436658354455275
        ],
        [
            0.5455301691319557,
            0.6838824352572346
        ],
        [
            0.5081080365984607,
            0.7227435372473096
        ],
        [
            0.47038483035951356,
            0.7602020797501419
        ],
        [
            0.432326272692156,
            0.7961850073759231
        ],
        [
            0.39388219806610647,
            0.8305874540018707
        ],
        [
            0.3549783942840058,
            0.8632629741613007
        ],
        [
            0.31550125669520585,
            0.8940072325778597
        ],
        [
            0.27526616677224564,
            0.9225297959868669
        ],
        [
            0.23394266669350336,
            0.9484019871607192
        ],
        [
            0.19083377570769358,
            0.9709499662040412
        ],
        [
            0.14389132666320412,
            0.988996235535017
        ],
        [
            0.025821032453931067,
            0.9999998633260615
        ],
        [
            0.0,
            1.0
        ]
    ],
    "mauve_p_hist": [
        0.0009624639076034649,
        0.004812319538017324,
        0.0,
        0.0,
        0.0014436958614051972,
        0.00048123195380173246,
        0.0009624639076034649,
        0.00048123195380173246,
        0.015399422521655439,
        0.006737247353224254,
        0.009143407122232916,
        0.018768046198267566,
        0.00048123195380173246,
        0.00048123195380173246,
        0.0019249278152069298,
        0.0009624639076034649,
        0.0028873917228103944,
        0.0038498556304138597,
        0.012512030798845043,
        0.0038498556304138597,
        0.00048123195380173246,
        0.0009624639076034649,
        0.005774783445620789,
        0.00048123195380173246,
        0.006737247353224254,
        0.0014436958614051972,
        0.0019249278152069298,
        0.01203079884504331,
        0.004331087584215592,
        0.0009624639076034649,
        0.009624639076034648,
        0.004812319538017324,
        0.0,
        0.008662175168431183,
        0.002406159769008662,
        0.003368623676612127,
        0.007699711260827719,
        0.00048123195380173246,
        0.009624639076034648,
        0.005774783445620789,
        0.00048123195380173246,
        0.007699711260827719,
        0.003368623676612127,
        0.0014436958614051972,
        0.00048123195380173246,
        0.011068334937439845,
        0.006737247353224254,
        0.0,
        0.004331087584215592,
        0.006256015399422521,
        0.0014436958614051972,
        0.00048123195380173246,
        0.0009624639076034649,
        0.012512030798845043,
        0.0009624639076034649,
        0.0,
        0.015399422521655439,
        0.009624639076034648,
        0.00048123195380173246,
        0.0014436958614051972,
        0.003368623676612127,
        0.01395572666025024,
        0.0014436958614051972,
        0.0038498556304138597,
        0.00048123195380173246,
        0.004812319538017324,
        0.0028873917228103944,
        0.004812319538017324,
        0.00048123195380173246,
        0.0014436958614051972,
        0.0014436958614051972,
        0.011549566891241578,
        0.008662175168431183,
        0.0052935514918190565,
        0.0,
        0.01010587102983638,
        0.008180943214629451,
        0.0014436958614051972,
        0.01203079884504331,
        0.0009624639076034649,
        0.0019249278152069298,
        0.01973051010587103,
        0.0028873917228103944,
        0.0019249278152069298,
        0.011068334937439845,
        0.02213666987487969,
        0.002406159769008662,
        0.02598652550529355,
        0.008662175168431183,
        0.0009624639076034649,
        0.0,
        0.002406159769008662,
        0.004812319538017324,
        0.00048123195380173246,
        0.0028873917228103944,
        0.012512030798845043,
        0.021174205967276226,
        0.002406159769008662,
        0.008662175168431183,
        0.0038498556304138597,
        0.0,
        0.0,
        0.0019249278152069298,
        0.0019249278152069298,
        0.0028873917228103944,
        0.0014436958614051972,
        0.006256015399422521,
        0.0009624639076034649,
        0.0009624639076034649,
        0.016843118383060636,
        0.0019249278152069298,
        0.0009624639076034649,
        0.0028873917228103944,
        0.004331087584215592,
        0.004331087584215592,
        0.014436958614051972,
        0.01203079884504331,
        0.00048123195380173246,
        0.018768046198267566,
        0.00048123195380173246,
        0.006737247353224254,
        0.003368623676612127,
        0.02021174205967276,
        0.0009624639076034649,
        0.00048123195380173246,
        0.010587102983638113,
        0.008180943214629451,
        0.0014436958614051972,
        0.004331087584215592,
        0.0019249278152069298,
        0.0014436958614051972,
        0.00048123195380173246,
        0.0,
        0.00048123195380173246,
        0.00048123195380173246,
        0.007218479307025986,
        0.0,
        0.0014436958614051972,
        0.0009624639076034649,
        0.00048123195380173246,
        0.0,
        0.00048123195380173246,
        0.008180943214629451,
        0.0,
        0.0009624639076034649,
        0.002406159769008662,
        0.002406159769008662,
        0.009143407122232916,
        0.013474494706448507,
        0.010587102983638113,
        0.02406159769008662,
        0.0028873917228103944,
        0.0019249278152069298,
        0.0009624639076034649,
        0.011549566891241578,
        0.002406159769008662,
        0.002406159769008662,
        0.0,
        0.0009624639076034649,
        0.00048123195380173246,
        0.0052935514918190565,
        0.0014436958614051972,
        0.003368623676612127,
        0.0019249278152069298,
        0.01395572666025024,
        0.0,
        0.0019249278152069298,
        0.0178055822906641,
        0.010587102983638113,
        0.0009624639076034649,
        0.0014436958614051972,
        0.0038498556304138597,
        0.0014436958614051972,
        0.0028873917228103944,
        0.0009624639076034649,
        0.002406159769008662,
        0.0019249278152069298,
        0.0038498556304138597,
        0.015399422521655439,
        0.0009624639076034649,
        0.0019249278152069298,
        0.004331087584215592,
        0.03176130895091434,
        0.002406159769008662,
        0.005774783445620789,
        0.0,
        0.0014436958614051972,
        0.0028873917228103944,
