{
    "host": "remote",
    "hyps_file": "learned_10.hyps",
    "refs_file": "lm.refs",
    "mauve_kmeans_seed": 0,
    "mauve_max_len": 512,
    "mauve_scale_factor": 1,
    "mauve_score": 0.622757712878941,
    "mauve_frontier_integral": 0.7713961807825567,
    "mauve_div_curve": [
        [
            1.0,
            0.0
        ],
        [
            0.9999992456651289,
            2.279903799830782e-05
        ],
        [
            0.9669428138619197,
            0.07545964825800813
        ],
        [
            0.9322195942373241,
            0.13335561131140705
        ],
        [
            0.8966357912833381,
            0.1871816537143093
        ],
        [
            0.8604684073451017,
            0.23860363002491314
        ],
        [
            0.8238554231089087,
            0.2882853090133505
        ],
        [
            0.786877299344625,
            0.33656947231675477
        ],
        [
            0.7495849491172364,
            0.3836565316024152
        ],
        [
            0.712011852227445,
            0.42967102399773816
        ],
        [
            0.6741800510250351,
            0.4746914893282262
        ],
        [
            0.6361033379806644,
            0.5187654778830372
        ],
        [
            0.5977889602117672,
            0.5619175183838633
        ],
        [
            0.5592384184839981,
            0.6041532850922509
        ],
        [
            0.5204476020766609,
            0.6454614021338954
        ],
        [
            0.4814063095983561,
            0.6858134935773074
        ],
        [
            0.44209704748444806,
            0.7251626137109461
        ],
        [
            0.4024927949394686,
            0.7634398107326593
        ],
        [
            0.3625530681746274,
            0.8005481150032189
        ],
        [
            0.3222168701089544,
            0.8363524788748662
        ],
        [
            0.2813893288792257,
            0.8706626771951183
        ],
        [
            0.23991395455034434,
            0.9032027475144901
        ],
        [
            0.19750655157953476,
            0.9335517177909285
        ],
        [
            0.15355949083184336,
            0.9610134747575406
        ],
        [
            0.10626954109085665,
            0.984268316102913
        ],
        [
            0.007183400366020789,
            0.9999997776612434
        ],
        [
            0.0,
            1.0
        ]
    ],
    "mauve_p_hist": [
        0.0003333333333333333,
        0.011666666666666667,
        0.001,
        0.013333333333333334,
        0.009333333333333334,
        0.001,
        0.012,
        0.006333333333333333,
        0.0006666666666666666,
        0.0026666666666666666,
        0.0003333333333333333,
        0.0,
        0.009333333333333334,
        0.0,
        0.009,
        0.0006666666666666666,
        0.004333333333333333,
        0.0,
        0.004,
        0.0003333333333333333,
        0.004333333333333333,
        0.005666666666666667,
        0.0,
        0.0,
        0.013,
        0.0013333333333333333,
        0.0026666666666666666,
        0.005666666666666667,
        0.0026666666666666666,
        0.0006666666666666666,
        0.0006666666666666666,
        0.0003333333333333333,
        0.003,
        0.0,
        0.0003333333333333333,
        0.004333333333333333,
        0.002,
        0.0006666666666666666,
        0.001,
        0.0003333333333333333,
        0.006,
        0.0013333333333333333,
        0.0,
        0.009,
        0.0003333333333333333,
        0.004,
        0.0023333333333333335,
        0.004,
        0.0023333333333333335,
        0.003,
        0.0023333333333333335,
        0.0,
        0.0003333333333333333,
        0.0013333333333333333,
        0.011666666666666667,
        0.007,
        0.0003333333333333333,
        0.008333333333333333,
        0.0006666666666666666,
        0.0006666666666666666,
        0.0,
        0.006333333333333333,
        0.005333333333333333,
        0.0016666666666666668,
        0.005666666666666667,
        0.006333333333333333,
        0.012333333333333333,
        0.001,
        0.0003333333333333333,
        0.0,
        0.0016666666666666668,
        0.0,
        0.0003333333333333333,
        0.0003333333333333333,
        0.006333333333333333,
        0.002,
        0.008666666666666666,
        0.0,
        0.0003333333333333333,
        0.0016666666666666668,
        0.009,
        0.0003333333333333333,
        0.0,
        0.008,
        0.0006666666666666666,
        0.0,
        0.0023333333333333335,
        0.002,
        0.004333333333333333,
        0.011666666666666667,
        0.0006666666666666666,
        0.013333333333333334,
        0.0003333333333333333,
        0.009,
        0.002,
        0.002,
        0.0006666666666666666,
        0.0,
        0.010666666666666666,
        0.005,
        0.0026666666666666666,
        0.0006666666666666666,
        0.001,
        0.0003333333333333333,
        0.0003333333333333333,
        0.0,
        0.0033333333333333335,
        0.006333333333333333,
        0.0006666666666666666,
        0.015666666666666666,
        0.0013333333333333333,
        0.014,
        0.0036666666666666666,
        0.011333333333333334,
        0.0013333333333333333,
        0.0013333333333333333,
        0.0006666666666666666,
        0.0006666666666666666,
        0.0026666666666666666,
        0.002,
        0.003,
        0.011666666666666667,
        0.0006666666666666666,
        0.0,
        0.007,
        0.001,
        0.004666666666666667,
        0.0023333333333333335,
        0.0003333333333333333,
        0.0003333333333333333,
        0.0006666666666666666,
        0.0006666666666666666,
        0.0003333333333333333,
        0.003,
        0.0036666666666666666,
        0.0013333333333333333,
        0.0,
        0.0,
        0.009333333333333334,
        0.0016666666666666668,
        0.0003333333333333333,
        0.001,
        0.0026666666666666666,
        0.0003333333333333333,
        0.0,
        0.009666666666666667,
        0.0003333333333333333,
        0.004,
        0.0003333333333333333,
        0.0003333333333333333,
        0.0033333333333333335,
        0.0033333333333333335,
        0.0006666666666666666,
        0.004,
        0.003,
        0.010333333333333333,
        0.0,
        0.0,
        0.007,
        0.007,
        0.003,
        0.0003333333333333333,
        0.003,
        0.0026666666666666666,
        0.0,
        0.006666666666666667,
        0.001,
        0.0003333333333333333,
        0.011,
        0.012666666666666666,
        0.008333333333333333,
        0.0013333333333333333,
        0.0,
        0.001,
        0.006333333333333333,
        0.0,
        0.008333333333333333,
        0.0006666666666666666,
        0.002,
        0.0016666666666666668,
        0.005,
        0.0003333333333333333,
        0.0,
        0.0003333333333333333,
        0.0016666666666666668,
        0.0006666666666666666,
        0.01,
        0.002,
        0.006,
        0.0003333333333333333,
        0.0013333333333333333,
        0.004666666666666667,
        0.009333333333333334,
        0.0003333333333333333,
        0.0,
        0.0006666666666666666,
        0.0003333333333333333,
        0.0006666666666666666,
        0.0003333333333333333,
        0.0016666666666666668,
        0.0006666666666666666,
        0.0016666666666666668,
        0.005333333333333333,
        0.010666666666666666,
        0.0006666666666666666,
        0.0,
        0.0003333333333333333,
        0.0003333333333333333,
        0.008666666666666666,
        0.011333333333333334,
        0.001,
        0.005,
        0.0023333333333333335,
        0.004666666666666667,
        0.013666666666666667,
        0.011333333333333334,
        0.0,
        0.0023333333333333335,
        0.0023333333333333335,
        0.0,
