{
    "host": "remote",
    "hyps_file": "learned_08.hyps",
    "refs_file": "lm.refs",
    "mauve_kmeans_seed": 0,
    "mauve_max_len": 512,
    "mauve_scale_factor": 1,
    "mauve_score": 0.6385595939847633,
    "mauve_frontier_integral": 0.7440874569198989,
    "mauve_div_curve": [
        [
            1.0,
            0.0
        ],
        [
            0.9999993005759457,
            4.3086120207471974e-05
        ],
        [
            0.9686552209922454,
            0.08195477904103322
        ],
        [
            0.9351059672433666,
            0.1418398297915381
        ],
        [
            0.9004761778598447,
            0.197040518243374
        ],
        [
            0.8651423485189705,
            0.24948080123522037
        ],
        [
            0.8292851706622036,
            0.2999196143791076
        ],
        [
            0.7930065243041361,
            0.3487496579795296
        ],
        [
            0.7563690412811224,
            0.39620216715304335
        ],
        [
            0.719412873113021,
            0.4424224535108601
        ],
        [
            0.6821638106672424,
            0.48750377684307744
        ],
        [
            0.6446375201192308,
            0.5315044116376467
        ],
        [
            0.6068417795026311,
            0.574456794109935
        ],
        [
            0.5687775303918178,
            0.6163724187968235
        ],
        [
            0.5304390898202663,
            0.657244124129478
        ],
        [
            0.4918136117497198,
            0.6970464822667288
        ],
        [
            0.45287968894262565,
            0.7357344934245275
        ],
        [
            0.4136047458915473,
            0.7732403891156345
        ],
        [
            0.37394046534518655,
            0.8094678907775393
        ],
        [
            0.33381464913333003,
            0.8442825327388909
        ],
        [
            0.29311593039161443,
            0.8774952073724352
        ],
        [
            0.25166240826266034,
            0.9088328120538733
        ],
        [
            0.2091281475065488,
            0.9378813791560033
        ],
        [
            0.16483053291280333,
            0.963960746859613
        ],
        [
            0.11681571149580068,
            0.9857827566624193
        ],
        [
            0.01222740916741622,
            0.9999998204633266
        ],
        [
            0.0,
            1.0
        ]
    ],
    "mauve_p_hist": [
        0.0010200612036722204,
        0.0023801428085685142,
        0.00034002040122407346,
        0.0034002040122407345,
        0.0051003060183611015,
        0.0023801428085685142,
        0.0,
        0.006120367222033322,
        0.0,
        0.003060183611016661,
        0.0006800408024481469,
        0.0006800408024481469,
        0.0,
        0.0013600816048962938,
        0.00034002040122407346,
        0.015300918055083304,
        0.0,
        0.0017001020061203672,
        0.00034002040122407346,
        0.0010200612036722204,
        0.0017001020061203672,
        0.004420265215912955,
        0.021421285277116626,
        0.0006800408024481469,
        0.0,
        0.0051003060183611015,
        0.0023801428085685142,
        0.0006800408024481469,
        0.0,
        0.0006800408024481469,
        0.004420265215912955,
        0.0,
        0.006120367222033322,
        0.00034002040122407346,
        0.0,
        0.0006800408024481469,
        0.010540632437946278,
        0.004080244814688882,
        0.008160489629377763,
        0.0027201632097925877,
        0.0013600816048962938,
        0.00034002040122407346,
        0.0,
        0.0,
        0.00034002040122407346,
        0.00034002040122407346,
        0.004080244814688882,
        0.00034002040122407346,
        0.002040122407344441,
        0.0017001020061203672,
        0.0006800408024481469,
        0.014960897653859231,
        0.00034002040122407346,
        0.0010200612036722204,
        0.004080244814688882,
        0.01088065283917035,
        0.0,
        0.004080244814688882,
        0.006120367222033322,
        0.0023801428085685142,
        0.002040122407344441,
        0.0017001020061203672,
        0.0013600816048962938,
        0.002040122407344441,
        0.00034002040122407346,
        0.007140428425705543,
        0.0,
        0.00034002040122407346,
        0.014960897653859231,
        0.0,
        0.013600816048962938,
        0.00034002040122407346,
        0.002040122407344441,
        0.0,
        0.013260795647738865,
        0.0010200612036722204,
        0.0,
        0.00034002040122407346,
        0.0027201632097925877,
        0.00034002040122407346,
        0.004080244814688882,
        0.002040122407344441,
        0.002040122407344441,
        0.006120367222033322,
        0.00034002040122407346,
        0.0013600816048962938,
        0.0010200612036722204,
        0.0010200612036722204,
        0.0,
        0.0010200612036722204,
        0.007140428425705543,
        0.00034002040122407346,
        0.0047602856171370285,
        0.008500510030601836,
        0.0017001020061203672,
        0.0,
        0.004080244814688882,
        0.0034002040122407345,
        0.0,
        0.00034002040122407346,
        0.0010200612036722204,
        0.0006800408024481469,
        0.0010200612036722204,
        0.010200612036722203,
        0.00034002040122407346,
        0.0006800408024481469,
        0.014620877252635158,
        0.002040122407344441,
        0.0,
        0.0217613056783407,
        0.0047602856171370285,
        0.011560693641618497,
        0.005440326419585175,
        0.0017001020061203672,
        0.0017001020061203672,
        0.005440326419585175,
        0.0013600816048962938,
        0.0027201632097925877,
        0.016320979258755527,
        0.00034002040122407346,
        0.004080244814688882,
        0.00034002040122407346,
        0.00034002040122407346,
        0.00034002040122407346,
        0.002040122407344441,
        0.0006800408024481469,
        0.01870112206732404,
        0.003740224413464808,
        0.00034002040122407346,
        0.0034002040122407345,
        0.003060183611016661,
        0.0,
        0.0010200612036722204,
        0.003060183611016661,
        0.0034002040122407345,
        0.0006800408024481469,
        0.002040122407344441,
        0.009520571234274057,
        0.005440326419585175,
        0.010200612036722203,
        0.0017001020061203672,
        0.0,
        0.002040122407344441,
        0.019041142468548114,
        0.004080244814688882,
        0.005440326419585175,
        0.006800408024481469,
        0.004420265215912955,
        0.0006800408024481469,
        0.017001020061203673,
        0.006800408024481469,
        0.0006800408024481469,
        0.0023801428085685142,
        0.0013600816048962938,
        0.0,
        0.010540632437946278,
        0.00034002040122407346,
        0.0017001020061203672,
        0.0047602856171370285,
        0.004080244814688882,
        0.005440326419585175,
        0.0010200612036722204,
        0.004080244814688882,
        0.0051003060183611015,
        0.0006800408024481469,
        0.0006800408024481469,
        0.0,
        0.002040122407344441,
        0.0,
        0.0010200612036722204,
        0.004420265215912955,
        0.0047602856171370285,
        0.008500510030601836,
        0.00034002040122407346,
        0.006800408024481469,
        0.011220673240394424,
        0.0010200612036722204,
        0.0051003060183611015,
        0.0006800408024481469,
        0.0010200612036722204,
        0.0023801428085685142,
        0.00034002040122407346,
        0.0006800408024481469,
        0.0013600816048962938,
        0.0006800408024481469,
        0.0051003060183611015,
        0.0,
        0.0,
        0.009180550833049982,
        0.006120367222033322,
        0.0010200612036722204,
        0.0013600816048962938,
