{
    "host": "remote",
    "hyps_file": "learned_09.hyps",
    "refs_file": "lm.refs",
    "mauve_kmeans_seed": 42,
    "mauve_max_len": 512,
    "mauve_scale_factor": 1,
    "mauve_score": 0.6252820262546555,
    "mauve_frontier_integral": 0.7672030029462872,
    "mauve_div_curve": [
        [
            1.0,
            0.0
        ],
        [
            0.9999993253302246,
            5.137700174794384e-05
        ],
        [
            0.9689755114386122,
            0.07835498592652568
        ],
        [
            0.9353133477957746,
            0.13581137561639126
        ],
        [
            0.900419030767687,
            0.18912737810649796
        ],
        [
            0.8647281364308896,
            0.24004498372569172
        ],
        [
            0.828448449791383,
            0.28924053140873446
        ],
        [
            0.7916977231378943,
            0.3370594433619182
        ],
        [
            0.7545489893586014,
            0.38370293146348966
        ],
        [
            0.7170496784672807,
            0.4292962426478519
        ],
        [
            0.6792309124870376,
            0.4739189767482386
        ],
        [
            0.6411124064852165,
            0.5176202230559999
        ],
        [
            0.6027051158163991,
            0.5604265930047883
        ],
        [
            0.5640125608451078,
            0.6023464608494494
        ],
        [
            0.5250312347551087,
            0.6433718791002733
        ],
        [
            0.485750219287388,
            0.6834787977658688
        ],
        [
            0.44614992392366964,
            0.7226257475914066
        ],
        [
            0.406199621161224,
            0.7607507806523993
        ],
        [
            0.3658530470305596,
            0.7977660259560871
        ],
        [
            0.32504050941473756,
            0.833548500249366
        ],
        [
            0.2836539995193819,
            0.8679243793868148
        ],
        [
            0.24151654048253204,
            0.9006406484948992
        ],
        [
            0.19831007529479594,
            0.9313094087620155
        ],
        [
            0.15336561107821606,
            0.9592829642177612
        ],
        [
            0.10475214832338661,
            0.9833057139274848
        ],
        [
            0.005771268735072952,
            0.9999997599940369
        ],
        [
            0.0,
            1.0
        ]
    ],
    "mauve_p_hist": [
        0.0003333333333333333,
        0.005333333333333333,
        0.005333333333333333,
        0.012,
        0.0,
        0.005333333333333333,
        0.006333333333333333,
        0.0033333333333333335,
        0.005,
        0.0003333333333333333,
        0.0,
        0.017333333333333333,
        0.0003333333333333333,
        0.0003333333333333333,
        0.001,
        0.0013333333333333333,
        0.0006666666666666666,
        0.0006666666666666666,
        0.004,
        0.0023333333333333335,
        0.004333333333333333,
        0.0,
        0.005666666666666667,
        0.006,
        0.010333333333333333,
        0.012,
        0.0,
        0.0003333333333333333,
        0.0003333333333333333,
        0.0026666666666666666,
        0.0013333333333333333,
        0.004,
        0.007333333333333333,
        0.015,
        0.006333333333333333,
        0.007333333333333333,
        0.0036666666666666666,
        0.0,
        0.004666666666666667,
        0.0026666666666666666,
        0.0,
        0.0,
        0.0026666666666666666,
        0.0003333333333333333,
        0.0003333333333333333,
        0.0,
        0.0003333333333333333,
        0.004,
        0.001,
        0.0003333333333333333,
        0.004666666666666667,
        0.001,
        0.0013333333333333333,
        0.012,
        0.0006666666666666666,
        0.0,
        0.0006666666666666666,
        0.004333333333333333,
        0.0003333333333333333,
        0.007666666666666666,
        0.015,
        0.009666666666666667,
        0.0,
        0.0,
        0.0003333333333333333,
        0.0,
        0.0006666666666666666,
        0.015333333333333332,
        0.0006666666666666666,
        0.0,
        0.0003333333333333333,
        0.0,
        0.013,
        0.007666666666666666,
        0.011666666666666667,
        0.012333333333333333,
        0.0013333333333333333,
        0.0013333333333333333,
        0.0006666666666666666,
        0.001,
        0.0006666666666666666,
        0.001,
        0.013333333333333334,
        0.0036666666666666666,
        0.0006666666666666666,
        0.004,
        0.0026666666666666666,
        0.0,
        0.0,
        0.002,
        0.008,
        0.015,
        0.008666666666666666,
        0.0006666666666666666,
        0.003,
        0.0003333333333333333,
        0.001,
        0.0003333333333333333,
        0.0023333333333333335,
        0.0006666666666666666,
        0.0036666666666666666,
        0.009,
        0.004666666666666667,
        0.003,
        0.004,
        0.0006666666666666666,
        0.0003333333333333333,
        0.0006666666666666666,
        0.013666666666666667,
        0.0,
        0.0006666666666666666,
        0.0003333333333333333,
        0.010666666666666666,
        0.005333333333333333,
        0.010666666666666666,
        0.006333333333333333,
        0.006666666666666667,
        0.0013333333333333333,
        0.0006666666666666666,
        0.0,
        0.0013333333333333333,
        0.0013333333333333333,
        0.0016666666666666668,
        0.0013333333333333333,
        0.002,
        0.0,
        0.0016666666666666668,
        0.0003333333333333333,
        0.003,
        0.0,
        0.0003333333333333333,
        0.0,
        0.0,
        0.0023333333333333335,
        0.0023333333333333335,
        0.0003333333333333333,
        0.0033333333333333335,
        0.004333333333333333,
        0.001,
        0.012333333333333333,
        0.0,
        0.003,
        0.0,
        0.005666666666666667,
        0.0023333333333333335,
        0.0003333333333333333,
        0.0023333333333333335,
        0.0023333333333333335,
        0.0,
        0.008333333333333333,
        0.0013333333333333333,
        0.0003333333333333333,
        0.0006666666666666666,
        0.001,
        0.004666666666666667,
        0.0006666666666666666,
        0.0003333333333333333,
        0.0003333333333333333,
        0.010666666666666666,
        0.004,
        0.0003333333333333333,
        0.013,
        0.0003333333333333333,
        0.0006666666666666666,
        0.006333333333333333,
        0.0,
        0.0,
        0.0026666666666666666,
        0.011333333333333334,
        0.0026666666666666666,
        0.003,
        0.001,
        0.0,
        0.0003333333333333333,
        0.005666666666666667,
        0.0,
        0.0,
        0.0006666666666666666,
        0.005333333333333333,
        0.0,
        0.0003333333333333333,
        0.011,
        0.006,
        0.005666666666666667,
        0.005,
        0.009,
        0.008,
        0.004,
        0.012,
        0.0003333333333333333,
        0.0016666666666666668,
        0.004666666666666667,
        0.0013333333333333333,
        0.006333333333333333,
        0.0003333333333333333,
        0.0026666666666666666,
        0.0003333333333333333,
        0.0,
        0.0003333333333333333,
        0.0036666666666666666,
        0.006666666666666667,
        0.0006666666666666666,
        0.0,
        0.003,
        0.007,
        0.0006666666666666666,
        0.001,
        0.0016666666666666668,
        0.0003333333333333333,
        0.007333333333333333,
        0.0036666666666666666,
        0.0003333333333333333,
        0.0033333333333333335,
        0.006333333333333333,
        0.0,
        0.0013333333333333333,
        0.0016666666666666668,
        0.0023333333333333335,
        0.007666666666666666,
        0.0023333333333333335,
