{
    "host": "remote",
    "hyps_file": "learned_09.hyps",
    "refs_file": "lm.refs",
    "mauve_kmeans_seed": 0,
    "mauve_max_len": 512,
    "mauve_scale_factor": 1,
    "mauve_score": 0.6276968292670952,
    "mauve_frontier_integral": 0.7627503603036789,
    "mauve_div_curve": [
        [
            1.0,
            0.0
        ],
        [
            0.9999992493317433,
            2.4229966494466356e-05
        ],
        [
            0.9671008448543209,
            0.07714526301315294
        ],
        [
            0.9325649349424611,
            0.13589877729015637
        ],
        [
            0.8971840467736986,
            0.19035258536698682
        ],
        [
            0.8612305509742159,
            0.24225469579993222
        ],
        [
            0.8248399640695596,
            0.29230400508614696
        ],
        [
            0.7880907764573051,
            0.340863057556074
        ],
        [
            0.7510321337098456,
            0.3881450020577704
        ],
        [
            0.7136958790193958,
            0.4342832238212104
        ],
        [
            0.6761025103099019,
            0.4793626752617406
        ],
        [
            0.6382643304724251,
            0.5234356562679983
        ],
        [
            0.6001871096704411,
            0.5665302334202281
        ],
        [
            0.561870833952321,
            0.6086546895277382
        ],
        [
            0.5233097764605258,
            0.6497995154630473
        ],
        [
            0.4844919322346845,
            0.6899375940942389
        ],
        [
            0.4453976920233344,
            0.7290227392921653
        ],
        [
            0.405997413509288,
            0.7669863711467592
        ],
        [
            0.3662471629501984,
            0.8037316591018023
        ],
        [
            0.32608108633510685,
            0.8391237378433751
        ],
        [
            0.2853969174561402,
            0.8729731799667969
        ],
        [
            0.2440257759397422,
            0.9050067446483848
        ],
        [
            0.20165990053372881,
            0.9348113959010222
        ],
        [
            0.15763768666494846,
            0.9617135413671545
        ],
        [
            0.10998448452758132,
            0.9844626599826102
        ],
        [
            0.007242284255261077,
            0.9999997733282223
        ],
        [
            0.0,
            1.0
        ]
    ],
    "mauve_p_hist": [
        0.0006666666666666666,
        0.0016666666666666668,
        0.0,
        0.0003333333333333333,
        0.001,
        0.0026666666666666666,
        0.007333333333333333,
        0.004,
        0.001,
        0.004666666666666667,
        0.001,
        0.0,
        0.002,
        0.0003333333333333333,
        0.004333333333333333,
        0.0,
        0.0003333333333333333,
        0.0,
        0.0033333333333333335,
        0.004,
        0.019,
        0.0036666666666666666,
        0.0006666666666666666,
        0.0003333333333333333,
        0.0013333333333333333,
        0.0033333333333333335,
        0.005666666666666667,
        0.004333333333333333,
        0.0016666666666666668,
        0.001,
        0.0003333333333333333,
        0.0013333333333333333,
        0.002,
        0.0,
        0.0003333333333333333,
        0.0013333333333333333,
        0.0026666666666666666,
        0.0,
        0.0,
        0.004333333333333333,
        0.011333333333333334,
        0.0006666666666666666,
        0.001,
        0.001,
        0.0003333333333333333,
        0.0036666666666666666,
        0.010333333333333333,
        0.0023333333333333335,
        0.0026666666666666666,
        0.010333333333333333,
        0.001,
        0.0003333333333333333,
        0.001,
        0.002,
        0.0016666666666666668,
        0.005666666666666667,
        0.0006666666666666666,
        0.0023333333333333335,
        0.0003333333333333333,
        0.0,
        0.0,
        0.015666666666666666,
        0.006333333333333333,
        0.014,
        0.005333333333333333,
        0.003,
        0.0036666666666666666,
        0.0013333333333333333,
        0.0003333333333333333,
        0.0,
        0.001,
        0.002,
        0.002,
        0.0023333333333333335,
        0.005333333333333333,
        0.001,
        0.005,
        0.0,
        0.0,
        0.0033333333333333335,
        0.0036666666666666666,
        0.0003333333333333333,
        0.0,
        0.0016666666666666668,
        0.0003333333333333333,
        0.0013333333333333333,
        0.01,
        0.006,
        0.019666666666666666,
        0.012333333333333333,
        0.0,
        0.004333333333333333,
        0.001,
        0.021666666666666667,
        0.002,
        0.0023333333333333335,
        0.001,
        0.001,
        0.013333333333333334,
        0.0016666666666666668,
        0.0023333333333333335,
        0.0,
        0.0003333333333333333,
        0.001,
        0.0,
        0.0,
        0.008333333333333333,
        0.0013333333333333333,
        0.0003333333333333333,
        0.010666666666666666,
        0.0013333333333333333,
        0.001,
        0.008,
        0.009,
        0.0013333333333333333,
        0.0016666666666666668,
        0.0,
        0.002,
        0.008,
        0.0013333333333333333,
        0.0036666666666666666,
        0.0036666666666666666,
        0.0003333333333333333,
        0.0003333333333333333,
        0.0026666666666666666,
        0.001,
        0.004666666666666667,
        0.005666666666666667,
        0.0003333333333333333,
        0.0026666666666666666,
        0.0026666666666666666,
        0.006333333333333333,
        0.0,
        0.0013333333333333333,
        0.011333333333333334,
        0.0016666666666666668,
        0.0003333333333333333,
        0.0,
        0.0006666666666666666,
        0.008666666666666666,
        0.0006666666666666666,
        0.001,
        0.0006666666666666666,
        0.0,
        0.0003333333333333333,
        0.0036666666666666666,
        0.0,
        0.009666666666666667,
        0.0003333333333333333,
        0.001,
        0.007,
        0.004333333333333333,
        0.0003333333333333333,
        0.0016666666666666668,
        0.001,
        0.004666666666666667,
        0.0,
        0.0006666666666666666,
        0.005333333333333333,
        0.0023333333333333335,
        0.0033333333333333335,
        0.0006666666666666666,
        0.007333333333333333,
        0.0016666666666666668,
        0.0013333333333333333,
        0.002,
        0.0,
        0.0003333333333333333,
        0.0033333333333333335,
        0.018,
        0.0023333333333333335,
        0.0016666666666666668,
        0.0,
        0.0003333333333333333,
        0.0013333333333333333,
        0.0,
        0.004,
        0.0003333333333333333,
        0.0013333333333333333,
        0.0003333333333333333,
        0.011333333333333334,
        0.0003333333333333333,
        0.0,
        0.0006666666666666666,
        0.014,
        0.0,
        0.0006666666666666666,
        0.005,
        0.006,
        0.006,
        0.007,
        0.006333333333333333,
        0.006666666666666667,
        0.0006666666666666666,
        0.0003333333333333333,
        0.0006666666666666666,
        0.001,
        0.004666666666666667,
        0.001,
        0.004333333333333333,
        0.010333333333333333,
        0.0,
        0.006666666666666667,
        0.004666666666666667,
        0.0036666666666666666,
        0.0003333333333333333,
        0.0003333333333333333,
        0.004333333333333333,
        0.008,
        0.008666666666666666,
        0.0006666666666666666,
        0.009666666666666667,
        0.003,
        0.01,
        0.005666666666666667,
        0.0033333333333333335,
        0.0003333333333333333,
        0.0006666666666666666,
        0.0013333333333333333,
        0.0,
        0.0013333333333333333,
