{
    "host": "remote",
    "hyps_file": "learned_10.hyps",
    "refs_file": "lm.refs",
    "mauve_kmeans_seed": 42,
    "mauve_max_len": 512,
    "mauve_scale_factor": 1,
    "mauve_score": 0.6344108857734603,
    "mauve_frontier_integral": 0.7512799392211409,
    "mauve_div_curve": [
        [
            1.0,
            0.0
        ],
        [
            0.9999992713320093,
            3.23626428844275e-05
        ],
        [
            0.9681069372665227,
            0.08090610363204752
        ],
        [
            0.9344570715733415,
            0.1403281357205881
        ],
        [
            0.8998140729254945,
            0.19501302286497643
        ],
        [
            0.8644773456098513,
            0.24696201448861346
        ],
        [
            0.8286038771292725,
            0.29695922655711565
        ],
        [
            0.7922873557007748,
            0.3454060221386961
        ],
        [
            0.7555877090769795,
            0.392536503966761
        ],
        [
            0.718544552974023,
            0.4384967121231758
        ],
        [
            0.6811840628859839,
            0.4833798817565929
        ],
        [
            0.6435227124832407,
            0.5272440688423606
        ],
        [
            0.6055693186334298,
            0.5701215251417485
        ],
        [
            0.5673260417324204,
            0.6120236791299883
        ],
        [
            0.5287886220530653,
            0.6529434377654323
        ],
        [
            0.48994591950478183,
            0.6928555542987651
        ],
        [
            0.4507786478605928,
            0.7317152710267549
        ],
        [
            0.4112569714875557,
            0.7694550370866736
        ],
        [
            0.37133624608039384,
            0.8059786309109817
        ],
        [
            0.33094938049527867,
            0.8411512606861414
        ],
        [
            0.28999239014238826,
            0.87478272921711
        ],
        [
            0.24829454524235708,
            0.9065973929848689
        ],
        [
            0.20554786516515555,
            0.9361759543496535
        ],
        [
            0.16110130050864854,
            0.9628272555945114
        ],
        [
            0.11306635121443671,
            0.9852391973070251
        ],
        [
            0.010468035632672595,
            0.9999998093273452
        ],
        [
            0.0,
            1.0
        ]
    ],
    "mauve_p_hist": [
        0.008,
        0.014333333333333333,
        0.0026666666666666666,
        0.005,
        0.0,
        0.004333333333333333,
        0.0013333333333333333,
        0.003,
        0.0006666666666666666,
        0.0,
        0.0003333333333333333,
        0.008333333333333333,
        0.0006666666666666666,
        0.001,
        0.0,
        0.012,
        0.004,
        0.0006666666666666666,
        0.0003333333333333333,
        0.0013333333333333333,
        0.009333333333333334,
        0.0016666666666666668,
        0.005666666666666667,
        0.0033333333333333335,
        0.0006666666666666666,
        0.006333333333333333,
        0.0003333333333333333,
        0.0003333333333333333,
        0.017333333333333333,
        0.0013333333333333333,
        0.0006666666666666666,
        0.0033333333333333335,
        0.009,
        0.0003333333333333333,
        0.0003333333333333333,
        0.0013333333333333333,
        0.001,
        0.0003333333333333333,
        0.007333333333333333,
        0.005,
        0.0,
        0.0003333333333333333,
        0.0006666666666666666,
        0.0,
        0.001,
        0.0003333333333333333,
        0.0003333333333333333,
        0.004666666666666667,
        0.0003333333333333333,
        0.002,
        0.003,
        0.0003333333333333333,
        0.0026666666666666666,
        0.013333333333333334,
        0.0003333333333333333,
        0.0003333333333333333,
        0.0006666666666666666,
        0.002,
        0.002,
        0.006333333333333333,
        0.004666666666666667,
        0.005,
        0.0,
        0.0,
        0.0,
        0.0003333333333333333,
        0.0,
        0.007666666666666666,
        0.001,
        0.0,
        0.0,
        0.0003333333333333333,
        0.009666666666666667,
        0.006,
        0.011,
        0.004,
        0.004333333333333333,
        0.001,
        0.0,
        0.0,
        0.0006666666666666666,
        0.001,
        0.009333333333333334,
        0.0003333333333333333,
        0.0003333333333333333,
        0.0023333333333333335,
        0.002,
        0.0003333333333333333,
        0.0003333333333333333,
        0.005333333333333333,
        0.0036666666666666666,
        0.0036666666666666666,
        0.0013333333333333333,
        0.0003333333333333333,
        0.007666666666666666,
        0.0,
        0.0013333333333333333,
        0.0003333333333333333,
        0.004,
        0.022333333333333334,
        0.013333333333333334,
        0.019666666666666666,
        0.005,
        0.01633333333333333,
        0.007333333333333333,
        0.0,
        0.0003333333333333333,
        0.0016666666666666668,
        0.018333333333333333,
        0.0,
        0.0016666666666666668,
        0.0013333333333333333,
        0.004666666666666667,
        0.005,
        0.0033333333333333335,
        0.014,
        0.012333333333333333,
        0.002,
        0.0006666666666666666,
        0.0,
        0.0026666666666666666,
        0.0,
        0.0,
        0.005,
        0.0013333333333333333,
        0.0003333333333333333,
        0.002,
        0.0006666666666666666,
        0.007,
        0.0,
        0.0013333333333333333,
        0.0,
        0.0,
        0.0016666666666666668,
        0.011333333333333334,
        0.0,
        0.001,
        0.009333333333333334,
        0.0003333333333333333,
        0.0013333333333333333,
        0.0006666666666666666,
        0.0006666666666666666,
        0.0003333333333333333,
        0.009,
        0.004,
        0.0,
        0.0033333333333333335,
        0.007333333333333333,
        0.0,
        0.002,
        0.0003333333333333333,
        0.0006666666666666666,
        0.0003333333333333333,
        0.001,
        0.008,
        0.0006666666666666666,
        0.0003333333333333333,
        0.0003333333333333333,
        0.014,
        0.007,
        0.0,
        0.0023333333333333335,
        0.001,
        0.0003333333333333333,
        0.007333333333333333,
        0.0003333333333333333,
        0.0,
        0.006,
        0.008,
        0.0033333333333333335,
        0.0013333333333333333,
        0.014333333333333333,
        0.0,
        0.0013333333333333333,
        0.002,
        0.0003333333333333333,
        0.0006666666666666666,
        0.0,
        0.0013333333333333333,
        0.0003333333333333333,
        0.005333333333333333,
        0.006333333333333333,
        0.019666666666666666,
        0.015333333333333332,
        0.001,
        0.006,
        0.0003333333333333333,
        0.009,
        0.001,
        0.0006666666666666666,
        0.002,
        0.016,
        0.002,
        0.0016666666666666668,
        0.0,
        0.002,
        0.0003333333333333333,
        0.001,
        0.0,
        0.008666666666666666,
        0.002,
        0.004,
        0.001,
        0.0016666666666666668,
        0.003,
        0.0006666666666666666,
        0.0013333333333333333,
        0.0013333333333333333,
        0.0013333333333333333,
        0.0036666666666666666,
        0.0023333333333333335,
        0.0006666666666666666,
        0.0013333333333333333,
        0.006,
        0.0006666666666666666,
        0.0003333333333333333,
        0.004,
        0.001,
        0.004666666666666667,
        0.007666666666666666,
        0.0026666666666666666,
        0.0006666666666666666,
        0.002,
        0.0006666666666666666,
        0.006,
        0.0,
        0.015,
        0.005,
