{
    "host": "remote",
    "hyps_file": "learned_01.hyps",
    "refs_file": "lm.refs",
    "mauve_kmeans_seed": 42,
    "mauve_max_len": 512,
    "mauve_scale_factor": 1,
    "mauve_score": 0.6555688497189941,
    "mauve_frontier_integral": 0.7148859159493276,
    "mauve_div_curve": [
        [
            1.0,
            0.0
        ],
        [
            0.9999993016649602,
            4.806071083776907e-05
        ],
        [
            0.9690805223676688,
            0.08847987879058711
        ],
        [
            0.9362598643287401,
            0.15127223624886157
        ],
        [
            0.9024378779471243,
            0.20842856943991792
        ],
        [
            0.8679308297482449,
            0.26228519969112635
        ],
        [
            0.832897223804272,
            0.31376982403915893
        ],
        [
            0.7974292091611026,
            0.3633630642721935
        ],
        [
            0.7615845679684221,
            0.41134837691960485
        ],
        [
            0.7254007277785581,
            0.45790468086821834
        ],
        [
            0.6889017355344574,
            0.5031479509384139
        ],
        [
            0.6521019716535905,
            0.5471522017502146
        ],
        [
            0.6150081346846124,
            0.5899607797007388
        ],
        [
            0.5776201699043173,
            0.6315924848576495
        ],
        [
            0.5399314273783804,
            0.6720445554533301
        ],
        [
            0.5019281150732635,
            0.7112934214702111
        ],
        [
            0.46358793377551577,
            0.7492935191137274
        ],
        [
            0.42487755664007837,
            0.7859740057973275
        ],
        [
            0.3857482303396671,
            0.8212327193008699
        ],
        [
            0.3461279752364127,
            0.8549259577344823
        ],
        [
            0.3059069728788411,
            0.8868511906720896
        ],
        [
            0.2649076178048105,
            0.9167165885824328
        ],
        [
            0.2228142230462189,
            0.9440831798563242
        ],
        [
            0.17896827051673686,
            0.9682416100815299
        ],
        [
            0.13147196520483,
            0.9878959015207072
        ],
        [
            0.02088315215027247,
            0.9999998559951023
        ],
        [
            0.0,
            1.0
        ]
    ],
    "mauve_p_hist": [
        0.013333333333333334,
        0.0006666666666666666,
        0.0013333333333333333,
        0.0,
        0.0006666666666666666,
        0.0013333333333333333,
        0.0006666666666666666,
        0.0,
        0.001,
        0.0033333333333333335,
        0.0,
        0.001,
        0.0006666666666666666,
        0.009,
        0.0013333333333333333,
        0.004333333333333333,
        0.003,
        0.0003333333333333333,
        0.003,
        0.001,
        0.0026666666666666666,
        0.0033333333333333335,
        0.0006666666666666666,
        0.0026666666666666666,
        0.0003333333333333333,
        0.001,
        0.0036666666666666666,
        0.0026666666666666666,
        0.007666666666666666,
        0.007333333333333333,
        0.0006666666666666666,
        0.0006666666666666666,
        0.007,
        0.0003333333333333333,
        0.0033333333333333335,
        0.006,
        0.004666666666666667,
        0.0006666666666666666,
        0.008666666666666666,
        0.002,
        0.007,
        0.0003333333333333333,
        0.0003333333333333333,
        0.0013333333333333333,
        0.0,
        0.0036666666666666666,
        0.004,
        0.011666666666666667,
        0.0013333333333333333,
        0.001,
        0.003,
        0.002,
        0.002,
        0.001,
        0.0016666666666666668,
        0.006,
        0.004,
        0.008666666666666666,
        0.001,
        0.005,
        0.01633333333333333,
        0.0,
        0.0003333333333333333,
        0.0003333333333333333,
        0.013333333333333334,
        0.0003333333333333333,
        0.0026666666666666666,
        0.0006666666666666666,
        0.005,
        0.0026666666666666666,
        0.0013333333333333333,
        0.0013333333333333333,
        0.0013333333333333333,
        0.002,
        0.009,
        0.0003333333333333333,
        0.0036666666666666666,
        0.014666666666666666,
        0.0016666666666666668,
        0.006,
        0.001,
        0.005,
        0.0003333333333333333,
        0.0013333333333333333,
        0.006333333333333333,
        0.004333333333333333,
        0.002,
        0.008333333333333333,
        0.0,
        0.0016666666666666668,
        0.0006666666666666666,
        0.0033333333333333335,
        0.006,
        0.001,
        0.009666666666666667,
        0.0023333333333333335,
        0.006333333333333333,
        0.017666666666666667,
        0.0016666666666666668,
        0.005666666666666667,
        0.009666666666666667,
        0.005666666666666667,
        0.0006666666666666666,
        0.006,
        0.0003333333333333333,
        0.0013333333333333333,
        0.0003333333333333333,
        0.0013333333333333333,
        0.0026666666666666666,
        0.0023333333333333335,
        0.003,
        0.0023333333333333335,
        0.013666666666666667,
        0.0026666666666666666,
        0.013,
        0.0016666666666666668,
        0.0026666666666666666,
        0.001,
        0.010333333333333333,
        0.0,
        0.004333333333333333,
        0.006333333333333333,
        0.007333333333333333,
        0.0006666666666666666,
        0.015,
        0.0006666666666666666,
        0.0013333333333333333,
        0.0006666666666666666,
        0.0026666666666666666,
        0.0006666666666666666,
        0.0016666666666666668,
        0.0003333333333333333,
        0.001,
        0.0016666666666666668,
        0.0036666666666666666,
        0.0013333333333333333,
        0.005666666666666667,
        0.0003333333333333333,
        0.010666666666666666,
        0.010666666666666666,
        0.005666666666666667,
        0.002,
        0.0033333333333333335,
        0.0033333333333333335,
        0.004,
        0.011333333333333334,
        0.0003333333333333333,
        0.0,
        0.0016666666666666668,
        0.0003333333333333333,
        0.0,
        0.0003333333333333333,
        0.0003333333333333333,
        0.0006666666666666666,
        0.0036666666666666666,
        0.0,
        0.0,
        0.003,
        0.0003333333333333333,
        0.001,
        0.005,
        0.009333333333333334,
        0.0003333333333333333,
        0.010333333333333333,
        0.0003333333333333333,
        0.0003333333333333333,
        0.0,
        0.0,
        0.005,
        0.0003333333333333333,
        0.001,
        0.0006666666666666666,
        0.005333333333333333,
        0.005333333333333333,
        0.009,
        0.0013333333333333333,
        0.001,
        0.0013333333333333333,
        0.0013333333333333333,
        0.001,
        0.003,
        0.009,
        0.0013333333333333333,
        0.007333333333333333,
        0.0003333333333333333,
        0.0,
        0.0,
        0.0006666666666666666,
        0.002,
        0.005333333333333333,
        0.0006666666666666666,
        0.012,
        0.0033333333333333335,
        0.0003333333333333333,
        0.003,
        0.005333333333333333,
        0.01,
        0.0,
        0.0,
        0.011,
        0.0,
        0.0016666666666666668,
        0.0026666666666666666,
        0.005,
        0.001,
        0.004666666666666667,
        0.001,
        0.0006666666666666666,
        0.0,
        0.0013333333333333333,
        0.005666666666666667,
        0.0,
        0.004333333333333333,
        0.02266666666666667,
        0.0003333333333333333,
        0.001,
        0.0026666666666666666,
        0.009,
        0.0,
        0.002,
