{
    "host": "remote",
    "hyps_file": "learned_03.hyps",
    "refs_file": "lm.refs",
    "mauve_kmeans_seed": 42,
    "mauve_max_len": 512,
    "mauve_scale_factor": 1,
    "mauve_score": 0.6675038003572478,
    "mauve_frontier_integral": 0.694690613969782,
    "mauve_div_curve": [
        [
            1.0,
            0.0
        ],
        [
            0.9999993753577565,
            0.00010396170912045538
        ],
        [
            0.9709020697556785,
            0.09375854858717585
        ],
        [
            0.9389933425105725,
            0.15765991742056418
        ],
        [
            0.9057957775973099,
            0.2157103239531847
        ],
        [
            0.8717789238065489,
            0.27031100036605604
        ],
        [
            0.8371625040440267,
            0.32240878088733654
        ],
        [
            0.8020690579065731,
            0.3724947283119258
        ],
        [
            0.7665736311830119,
            0.42085904731029633
        ],
        [
            0.7307244312922571,
            0.46768513561995445
        ],
        [
            0.6945527280939076,
            0.513091825733429
        ],
        [
            0.6580780061224826,
            0.5571547431883375
        ],
        [
            0.6213107102115198,
            0.5999178403321913
        ],
        [
            0.5842535927041185,
            0.6413996854084737
        ],
        [
            0.5469020973855593,
            0.6815965720240537
        ],
        [
            0.5092439135711393,
            0.7204833793188569
        ],
        [
            0.47125761255744497,
            0.7580124983614291
        ],
        [
            0.432910025703131,
            0.7941106959556975
        ],
        [
            0.394151607293943,
            0.828673311284529
        ],
        [
            0.35490817891397886,
            0.8615544588090747
        ],
        [
            0.31506547021551123,
            0.8925505466022403
        ],
        [
            0.2744375447424289,
            0.9213714450018152
        ],
        [
            0.23269312365538136,
            0.9475862470383143
        ],
        [
            0.18914262547886757,
            0.9705089887462901
        ],
        [
            0.14181253237925778,
            0.9889102854019328
        ],
        [
            0.02690319137400825,
            0.9999998705441748
        ],
        [
            0.0,
            1.0
        ]
    ],
    "mauve_p_hist": [
        0.00048123195380173246,
        0.0019249278152069298,
        0.0009624639076034649,
        0.0,
        0.004812319538017324,
        0.003368623676612127,
        0.005774783445620789,
        0.0,
        0.0028873917228103944,
        0.0014436958614051972,
        0.006737247353224254,
        0.01588065447545717,
        0.0009624639076034649,
        0.008180943214629451,
        0.0028873917228103944,
        0.0014436958614051972,
        0.00048123195380173246,
        0.0009624639076034649,
        0.0009624639076034649,
        0.01588065447545717,
        0.0009624639076034649,
        0.0,
        0.0028873917228103944,
        0.0014436958614051972,
        0.01973051010587103,
        0.003368623676612127,
        0.01395572666025024,
        0.012512030798845043,
        0.00048123195380173246,
        0.003368623676612127,
        0.00048123195380173246,
        0.0,
        0.0014436958614051972,
        0.006737247353224254,
        0.0,
        0.00048123195380173246,
        0.0028873917228103944,
        0.01395572666025024,
        0.016361886429258902,
        0.00048123195380173246,
        0.01010587102983638,
        0.004812319538017324,
        0.0014436958614051972,
        0.00048123195380173246,
        0.003368623676612127,
        0.0009624639076034649,
        0.009143407122232916,
        0.0,
        0.0052935514918190565,
        0.0009624639076034649,
        0.004812319538017324,
        0.0370548604427334,
        0.0,
        0.007699711260827719,
        0.0,
        0.0,
        0.0038498556304138597,
        0.012512030798845043,
        0.0028873917228103944,
        0.003368623676612127,
        0.0038498556304138597,
        0.002406159769008662,
        0.00048123195380173246,
        0.023099133782483156,
        0.0019249278152069298,
        0.012512030798845043,
        0.0038498556304138597,
        0.0019249278152069298,
        0.0019249278152069298,
        0.002406159769008662,
        0.010587102983638113,
        0.005774783445620789,
        0.003368623676612127,
        0.012993262752646775,
        0.004812319538017324,
        0.0009624639076034649,
        0.009624639076034648,
        0.007218479307025986,
        0.0019249278152069298,
        0.01010587102983638,
        0.009143407122232916,
        0.0178055822906641,
        0.01588065447545717,
        0.006737247353224254,
        0.0009624639076034649,
        0.014918190567853706,
        0.004812319538017324,
        0.0019249278152069298,
        0.01588065447545717,
        0.006256015399422521,
        0.00048123195380173246,
        0.002406159769008662,
        0.016843118383060636,
        0.0009624639076034649,
        0.007218479307025986,
        0.0009624639076034649,
        0.0014436958614051972,
        0.0019249278152069298,
        0.004331087584215592,
        0.00048123195380173246,
        0.0009624639076034649,
        0.0,
        0.002406159769008662,
        0.0052935514918190565,
        0.0009624639076034649,
        0.01010587102983638,
        0.0019249278152069298,
        0.0052935514918190565,
        0.004331087584215592,
        0.0009624639076034649,
        0.01588065447545717,
        0.00048123195380173246,
        0.00048123195380173246,
        0.0009624639076034649,
        0.0,
        0.009143407122232916,
        0.0014436958614051972,
        0.015399422521655439,
        0.009624639076034648,
        0.0028873917228103944,
        0.0028873917228103944,
        0.0,
        0.0019249278152069298,
        0.0014436958614051972,
        0.002406159769008662,
        0.010587102983638113,
        0.007218479307025986,
        0.0,
        0.004331087584215592,
        0.0009624639076034649,
        0.0019249278152069298,
        0.0009624639076034649,
        0.00048123195380173246,
        0.0009624639076034649,
        0.0,
        0.0014436958614051972,
        0.0009624639076034649,
        0.0,
        0.004331087584215592,
        0.00048123195380173246,
        0.0038498556304138597,
        0.009143407122232916,
        0.010587102983638113,
        0.004812319538017324,
        0.0014436958614051972,
        0.0028873917228103944,
        0.002406159769008662,
        0.005774783445620789,
        0.0,
        0.00048123195380173246,
        0.012512030798845043,
        0.01588065447545717,
        0.010587102983638113,
        0.014918190567853706,
        0.009143407122232916,
        0.004331087584215592,
        0.011068334937439845,
        0.008180943214629451,
        0.004331087584215592,
        0.008180943214629451,
        0.02406159769008662,
        0.01395572666025024,
        0.00048123195380173246,
        0.006737247353224254,
        0.0014436958614051972,
        0.00048123195380173246,
        0.0019249278152069298,
        0.0009624639076034649,
        0.00048123195380173246,
        0.0019249278152069298,
        0.0019249278152069298,
        0.0038498556304138597,
        0.006256015399422521,
        0.003368623676612127,
        0.0,
        0.0038498556304138597,
        0.0019249278152069298,
        0.008662175168431183,
        0.01010587102983638,
        0.0009624639076034649,
        0.0,
        0.00048123195380173246,
        0.012993262752646775,
        0.0038498556304138597,
        0.010587102983638113,
        0.0052935514918190565,
        0.0,
        0.015399422521655439,
        0.004331087584215592,
        0.0,
