{
    "host": "remote",
    "hyps_file": "learned_07.hyps",
    "refs_file": "lm.refs",
    "mauve_kmeans_seed": 42,
    "mauve_max_len": 512,
    "mauve_scale_factor": 1,
    "mauve_score": 0.629296504828491,
    "mauve_frontier_integral": 0.7600758071511419,
    "mauve_div_curve": [
        [
            1.0,
            0.0
        ],
        [
            0.9999992719984703,
            3.1527297012119365e-05
        ],
        [
            0.9679411706470241,
            0.07912386367410794
        ],
        [
            0.9340125837081199,
            0.13788614129959362
        ],
        [
            0.8990966029248088,
            0.19215863879119238
        ],
        [
            0.8635140272236793,
            0.24380389100459926
        ],
        [
            0.8274253377225811,
            0.29355602207681686
        ],
        [
            0.7909232605689486,
            0.3417935965025753
        ],
        [
            0.7540655514491524,
            0.38873900969071007
        ],
        [
            0.7168893525097693,
            0.4345320142068461
        ],
        [
            0.6794183048701024,
            0.47926261140332704
        ],
        [
            0.6416663061638288,
            0.5229875894341215
        ],
        [
            0.6036394878440304,
            0.5657393859755357
        ],
        [
            0.5653371004788158,
            0.607530856777556
        ],
        [
            0.5267515919872255,
            0.6483575518999533
        ],
        [
            0.4878679316506056,
            0.6881982052721867
        ],
        [
            0.4486620382920508,
            0.7270136499009573
        ],
        [
            0.4090979198992898,
            0.7647439999367909
        ],
        [
            0.3691226911453259,
            0.8013035206623749
        ],
        [
            0.32865771296793705,
            0.8365719393573402
        ],
        [
            0.2875819065543011,
            0.8703796435654452
        ],
        [
            0.24569733977884564,
            0.9024812746189379
        ],
        [
            0.20264793525957303,
            0.9325046447040545
        ],
        [
            0.15768160694943167,
            0.9598385981219951
        ],
        [
            0.1086128025708325,
            0.9833295581890283
        ],
        [
            0.005284223913617609,
            0.9999997449946191
        ],
        [
            0.0,
            1.0
        ]
    ],
    "mauve_p_hist": [
        0.012666666666666666,
        0.0006666666666666666,
        0.005333333333333333,
        0.0,
        0.0003333333333333333,
        0.0003333333333333333,
        0.0006666666666666666,
        0.0006666666666666666,
        0.0003333333333333333,
        0.0026666666666666666,
        0.0,
        0.0006666666666666666,
        0.0003333333333333333,
        0.003,
        0.004333333333333333,
        0.0026666666666666666,
        0.008333333333333333,
        0.0,
        0.002,
        0.0003333333333333333,
        0.004333333333333333,
        0.010666666666666666,
        0.0003333333333333333,
        0.010333333333333333,
        0.0,
        0.0006666666666666666,
        0.006333333333333333,
        0.0,
        0.001,
        0.0033333333333333335,
        0.0026666666666666666,
        0.0,
        0.0006666666666666666,
        0.0,
        0.0016666666666666668,
        0.0036666666666666666,
        0.004333333333333333,
        0.0003333333333333333,
        0.0026666666666666666,
        0.0013333333333333333,
        0.005333333333333333,
        0.0,
        0.0,
        0.012,
        0.004666666666666667,
        0.012333333333333333,
        0.006,
        0.004333333333333333,
        0.0036666666666666666,
        0.005666666666666667,
        0.0013333333333333333,
        0.0013333333333333333,
        0.001,
        0.006,
        0.004333333333333333,
        0.0006666666666666666,
        0.0006666666666666666,
        0.007,
        0.0006666666666666666,
        0.005666666666666667,
        0.007333333333333333,
        0.0006666666666666666,
        0.0,
        0.006666666666666667,
        0.008666666666666666,
        0.0006666666666666666,
        0.0016666666666666668,
        0.0,
        0.0023333333333333335,
        0.0013333333333333333,
        0.002,
        0.0003333333333333333,
        0.0016666666666666668,
        0.0003333333333333333,
        0.005,
        0.0003333333333333333,
        0.0003333333333333333,
        0.012,
        0.0026666666666666666,
        0.004333333333333333,
        0.0013333333333333333,
        0.0013333333333333333,
        0.0003333333333333333,
        0.0016666666666666668,
        0.0006666666666666666,
        0.004666666666666667,
        0.001,
        0.006,
        0.0003333333333333333,
        0.008333333333333333,
        0.001,
        0.0003333333333333333,
        0.012333333333333333,
        0.012,
        0.0006666666666666666,
        0.008666666666666666,
        0.006666666666666667,
        0.004333333333333333,
        0.0036666666666666666,
        0.005,
        0.002,
        0.0023333333333333335,
        0.0006666666666666666,
        0.0003333333333333333,
        0.0003333333333333333,
        0.0016666666666666668,
        0.003,
        0.01,
        0.006,
        0.0013333333333333333,
        0.005666666666666667,
        0.004666666666666667,
        0.001,
        0.004,
        0.009666666666666667,
        0.0016666666666666668,
        0.0006666666666666666,
        0.0016666666666666668,
        0.014666666666666666,
        0.0003333333333333333,
        0.005333333333333333,
        0.010666666666666666,
        0.0033333333333333335,
        0.0006666666666666666,
        0.004,
        0.0,
        0.0006666666666666666,
        0.0,
        0.004,
        0.0006666666666666666,
        0.0026666666666666666,
        0.0,
        0.005,
        0.0,
        0.005,
        0.0016666666666666668,
        0.005,
        0.013666666666666667,
        0.001,
        0.0016666666666666668,
        0.010666666666666666,
        0.001,
        0.009,
        0.002,
        0.01,
        0.005,
        0.0003333333333333333,
        0.0,
        0.0003333333333333333,
        0.0,
        0.0,
        0.0,
        0.0013333333333333333,
        0.0003333333333333333,
        0.0023333333333333335,
        0.0,
        0.0,
        0.0026666666666666666,
        0.0003333333333333333,
        0.005666666666666667,
        0.005333333333333333,
        0.005666666666666667,
        0.001,
        0.0023333333333333335,
        0.0003333333333333333,
        0.001,
        0.001,
        0.001,
        0.0033333333333333335,
        0.0003333333333333333,
        0.0013333333333333333,
        0.0013333333333333333,
        0.0016666666666666668,
        0.010666666666666666,
        0.0016666666666666668,
        0.0,
        0.0006666666666666666,
        0.005,
        0.005,
        0.0026666666666666666,
        0.004333333333333333,
        0.023,
        0.0033333333333333335,
        0.005666666666666667,
        0.0,
        0.001,
        0.0003333333333333333,
        0.0016666666666666668,
        0.002,
        0.0003333333333333333,
        0.0,
        0.008,
        0.0026666666666666666,
        0.0006666666666666666,
        0.0023333333333333335,
        0.006333333333333333,
        0.004333333333333333,
        0.0,
        0.0,
        0.009333333333333334,
        0.002,
        0.005,
        0.012666666666666666,
        0.001,
        0.001,
        0.010666666666666666,
        0.004666666666666667,
        0.0,
        0.0,
        0.0016666666666666668,
        0.0033333333333333335,
        0.0006666666666666666,
        0.0036666666666666666,
        0.0016666666666666668,
        0.0,
        0.001,
        0.006,
        0.009666666666666667,
        0.0006666666666666666,
