{
    "host": "remote",
    "hyps_file": "learned_04.hyps",
    "refs_file": "lm.refs",
    "mauve_kmeans_seed": 42,
    "mauve_max_len": 512,
    "mauve_scale_factor": 1,
    "mauve_score": 0.6574045542448738,
    "mauve_frontier_integral": 0.7115350705165083,
    "mauve_div_curve": [
        [
            1.0,
            0.0
        ],
        [
            0.9999992959977055,
            4.3930745939835374e-05
        ],
        [
            0.9685828397109367,
            0.08749444895181999
        ],
        [
            0.9352742984823869,
            0.15086301845664282
        ],
        [
            0.901060163156332,
            0.20873246669514595
        ],
        [
            0.8662510197730783,
            0.2633061744046209
        ],
        [
            0.8309958234149796,
            0.31547113552598827
        ],
        [
            0.7953786646976333,
            0.36569161804331324
        ],
        [
            0.7594511317852107,
            0.41424327871072963
        ],
        [
            0.7232460477403363,
            0.46130062550919293
        ],
        [
            0.6867841366627667,
            0.5069765786631194
        ],
        [
            0.6500774950289473,
            0.5513425479515586
        ],
        [
            0.6131314024180216,
            0.5944392762850493
        ],
        [
            0.5759451331323561,
            0.636282714813136
        ],
        [
            0.538512043147301,
            0.6768668532552553
        ],
        [
            0.5008189907339236,
            0.7161643626912438
        ],
        [
            0.4628449744558746,
            0.7541253210835829
        ],
        [
            0.4245586526918676,
            0.790673856571368
        ],
        [
            0.38591402820589504,
            0.825702065431843
        ],
        [
            0.34684278877068003,
            0.8590598268946268
        ],
        [
            0.30723991506158743,
            0.8905377479911688
        ],
        [
            0.2669340615418692,
            0.9198374604739215
        ],
        [
            0.22561767918112585,
            0.9465160726718185
        ],
        [
            0.18264224448542477,
            0.9698701385804127
        ],
        [
            0.13611594458449888,
            0.9886458164808953
        ],
        [
            0.024893196380647263,
            0.9999998679953235
        ],
        [
            0.0,
            1.0
        ]
    ],
    "mauve_p_hist": [
        0.0036666666666666666,
        0.0,
        0.0013333333333333333,
        0.0003333333333333333,
        0.0,
        0.006666666666666667,
        0.0016666666666666668,
        0.0003333333333333333,
        0.0023333333333333335,
        0.01,
        0.0,
        0.0023333333333333335,
        0.0003333333333333333,
        0.0006666666666666666,
        0.004333333333333333,
        0.005333333333333333,
        0.006666666666666667,
        0.011,
        0.0006666666666666666,
        0.0013333333333333333,
        0.007,
        0.004666666666666667,
        0.0003333333333333333,
        0.003,
        0.001,
        0.001,
        0.008,
        0.001,
        0.0016666666666666668,
        0.004,
        0.006333333333333333,
        0.0003333333333333333,
        0.013666666666666667,
        0.0,
        0.005333333333333333,
        0.004333333333333333,
        0.0036666666666666666,
        0.0,
        0.006333333333333333,
        0.002,
        0.01,
        0.0,
        0.0,
        0.008333333333333333,
        0.0023333333333333335,
        0.008666666666666666,
        0.0026666666666666666,
        0.0003333333333333333,
        0.0016666666666666668,
        0.0033333333333333335,
        0.0033333333333333335,
        0.0023333333333333335,
        0.0006666666666666666,
        0.001,
        0.004666666666666667,
        0.003,
        0.0013333333333333333,
        0.005333333333333333,
        0.0003333333333333333,
        0.005,
        0.002,
        0.005,
        0.001,
        0.008,
        0.0003333333333333333,
        0.0006666666666666666,
        0.002,
        0.001,
        0.004666666666666667,
        0.0026666666666666666,
        0.0006666666666666666,
        0.0016666666666666668,
        0.0003333333333333333,
        0.001,
        0.006,
        0.0,
        0.003,
        0.007666666666666666,
        0.001,
        0.001,
        0.0033333333333333335,
        0.006333333333333333,
        0.0003333333333333333,
        0.0003333333333333333,
        0.0026666666666666666,
        0.004333333333333333,
        0.0016666666666666668,
        0.0023333333333333335,
        0.0003333333333333333,
        0.0003333333333333333,
        0.0003333333333333333,
        0.0033333333333333335,
        0.008333333333333333,
        0.003,
        0.006333333333333333,
        0.008333333333333333,
        0.005333333333333333,
        0.002,
        0.009,
        0.006,
        0.007,
        0.004666666666666667,
        0.001,
        0.0026666666666666666,
        0.0006666666666666666,
        0.002,
        0.0023333333333333335,
        0.004,
        0.006666666666666667,
        0.001,
        0.0013333333333333333,
        0.0023333333333333335,
        0.007666666666666666,
        0.0023333333333333335,
        0.0013333333333333333,
        0.0016666666666666668,
        0.006333333333333333,
        0.0026666666666666666,
        0.002,
        0.0,
        0.003,
        0.006333333333333333,
        0.0016666666666666668,
        0.0006666666666666666,
        0.004,
        0.0,
        0.0006666666666666666,
        0.0003333333333333333,
        0.0006666666666666666,
        0.0,
        0.007,
        0.0,
        0.0016666666666666668,
        0.0,
        0.011,
        0.0013333333333333333,
        0.0023333333333333335,
        0.0006666666666666666,
        0.006666666666666667,
        0.0013333333333333333,
        0.018,
        0.0003333333333333333,
        0.004,
        0.0013333333333333333,
        0.004333333333333333,
        0.0036666666666666666,
        0.0003333333333333333,
        0.001,
        0.016,
        0.0,
        0.0,
        0.0003333333333333333,
        0.0003333333333333333,
        0.0016666666666666668,
        0.004333333333333333,
        0.0,
        0.0003333333333333333,
        0.006666666666666667,
        0.0006666666666666666,
        0.002,
        0.0013333333333333333,
        0.008333333333333333,
        0.0003333333333333333,
        0.0023333333333333335,
        0.0,
        0.008,
        0.0,
        0.0,
        0.0036666666666666666,
        0.0,
        0.0006666666666666666,
        0.0016666666666666668,
        0.002,
        0.006666666666666667,
        0.0003333333333333333,
        0.0006666666666666666,
        0.0006666666666666666,
        0.005,
        0.006,
        0.001,
        0.007,
        0.0026666666666666666,
        0.003,
        0.011333333333333334,
        0.0003333333333333333,
        0.0003333333333333333,
        0.0003333333333333333,
        0.009,
        0.009333333333333334,
        0.008,
        0.0,
        0.0023333333333333335,
        0.0016666666666666668,
        0.0003333333333333333,
        0.003,
        0.008666666666666666,
        0.002,
        0.0,
        0.0006666666666666666,
        0.010666666666666666,
        0.0006666666666666666,
        0.0013333333333333333,
        0.0033333333333333335,
        0.006,
        0.004,
        0.0033333333333333335,
        0.006333333333333333,
        0.001,
        0.0,
        0.001,
        0.0003333333333333333,
        0.0006666666666666666,
        0.001,
        0.0026666666666666666,
        0.0003333333333333333,
        0.002,
        0.015666666666666666,
        0.004,
        0.0006666666666666666,
        0.0,
        0.0013333333333333333,
        0.0036666666666666666,
        0.007,
        0.0006666666666666666,
