{
    "host": "remote",
    "hyps_file": "temp0.5.hyps",
    "refs_file": "lm.refs",
    "mauve_kmeans_seed": 42,
    "mauve_max_len": 512,
    "mauve_scale_factor": 1,
    "mauve_score": 0.5882217895656963,
    "mauve_frontier_integral": 0.8324248167323751,
    "mauve_div_curve": [
        [
            1.0,
            0.0
        ],
        [
            0.9999991149997719,
            5.0656689301771275e-06
        ],
        [
            0.962825860496458,
            0.06280480128747828
        ],
        [
            0.9252619310775684,
            0.11679737500236474
        ],
        [
            0.8874476923571634,
            0.16802579201263917
        ],
        [
            0.8494417213057318,
            0.21750074958125465
        ],
        [
            0.8112740704013616,
            0.26565746726157724
        ],
        [
            0.7729614194508704,
            0.3127319938099297
        ],
        [
            0.7345128896234132,
            0.35886741365119024
        ],
        [
            0.6959326481867372,
            0.4041553204169946
        ],
        [
            0.6572211461012193,
            0.4486551267262356
        ],
        [
            0.6183756593789702,
            0.49240403748267814
        ],
        [
            0.5793904000458788,
            0.5354224629127683
        ],
        [
            0.540256289844041,
            0.5777168989131788
        ],
        [
            0.5009603923614876,
            0.6192811907269224
        ],
        [
            0.4614849160186977,
            0.6600965674516878
        ],
        [
            0.4218055919883864,
            0.7001305207052864
        ],
        [
            0.3818890471900946,
            0.7393343362196308
        ],
        [
            0.3416884321288881,
            0.7776387543035679
        ],
        [
            0.30113578201512253,
            0.814946672123173
        ],
        [
            0.260127713089652,
            0.8511206636685468
        ],
        [
            0.21849594675884698,
            0.8859604753435993
        ],
        [
            0.17593766452213458,
            0.919158733112838
        ],
        [
            0.13181211140778648,
            0.9502010945939287
        ],
        [
            0.08426259578513311,
            0.9780837850132574
        ],
        [
            0.0009993858247561987,
            0.9999996109945973
        ],
        [
            0.0,
            1.0
        ]
    ],
    "mauve_p_hist": [
        0.0026666666666666666,
        0.0003333333333333333,
        0.001,
        0.0,
        0.0,
        0.002,
        0.0023333333333333335,
        0.0023333333333333335,
        0.0,
        0.0026666666666666666,
        0.0,
        0.0013333333333333333,
        0.0,
        0.005,
        0.004666666666666667,
        0.0003333333333333333,
        0.007,
        0.007666666666666666,
        0.003,
        0.0013333333333333333,
        0.004,
        0.008,
        0.0,
        0.0013333333333333333,
        0.0,
        0.0003333333333333333,
        0.0013333333333333333,
        0.0,
        0.0013333333333333333,
        0.005,
        0.002,
        0.0006666666666666666,
        0.006666666666666667,
        0.0016666666666666668,
        0.0013333333333333333,
        0.006666666666666667,
        0.0006666666666666666,
        0.0,
        0.01,
        0.003,
        0.0006666666666666666,
        0.0003333333333333333,
        0.0003333333333333333,
        0.0016666666666666668,
        0.012333333333333333,
        0.004333333333333333,
        0.010666666666666666,
        0.014666666666666666,
        0.0,
        0.0026666666666666666,
        0.005333333333333333,
        0.0,
        0.002,
        0.005,
        0.016666666666666666,
        0.0016666666666666668,
        0.018333333333333333,
        0.004333333333333333,
        0.0003333333333333333,
        0.013333333333333334,
        0.017666666666666667,
        0.0,
        0.0,
        0.0026666666666666666,
        0.005,
        0.0,
        0.0006666666666666666,
        0.0,
        0.0023333333333333335,
        0.001,
        0.003,
        0.0003333333333333333,
        0.0006666666666666666,
        0.001,
        0.009,
        0.0003333333333333333,
        0.004,
        0.0016666666666666668,
        0.0003333333333333333,
        0.006,
        0.0003333333333333333,
        0.0016666666666666668,
        0.0,
        0.0003333333333333333,
        0.0006666666666666666,
        0.004666666666666667,
        0.0,
        0.0006666666666666666,
        0.0,
        0.009,
        0.001,
        0.006,
        0.002,
        0.0026666666666666666,
        0.0023333333333333335,
        0.008,
        0.0036666666666666666,
        0.019,
        0.0016666666666666668,
        0.003,
        0.014,
        0.002,
        0.0,
        0.001,
        0.0026666666666666666,
        0.0016666666666666668,
        0.008666666666666666,
        0.0036666666666666666,
        0.0013333333333333333,
        0.0003333333333333333,
        0.011666666666666667,
        0.0036666666666666666,
        0.0036666666666666666,
        0.009,
        0.0013333333333333333,
        0.0016666666666666668,
        0.008,
        0.0006666666666666666,
        0.005333333333333333,
        0.0,
        0.004,
        0.009,
        0.004333333333333333,
        0.0003333333333333333,
        0.005,
        0.0,
        0.0013333333333333333,
        0.0,
        0.004,
        0.0,
        0.0006666666666666666,
        0.0,
        0.0013333333333333333,
        0.0,
        0.0036666666666666666,
        0.0,
        0.0006666666666666666,
        0.005,
        0.006333333333333333,
        0.0023333333333333335,
        0.0013333333333333333,
        0.0,
        0.0013333333333333333,
        0.0033333333333333335,
        0.006666666666666667,
        0.005333333333333333,
        0.0003333333333333333,
        0.0,
        0.002,
        0.0,
        0.0,
        0.0,
        0.0,
        0.0026666666666666666,
        0.02033333333333333,
        0.003,
        0.0,
        0.004666666666666667,
        0.0,
        0.009333333333333334,
        0.004333333333333333,
        0.0023333333333333335,
        0.0003333333333333333,
        0.005333333333333333,
        0.0,
        0.001,
        0.0,
        0.0,
        0.005,
        0.0,
        0.0,
        0.0003333333333333333,
        0.004,
        0.007666666666666666,
        0.006666666666666667,
        0.0,
        0.0,
        0.0026666666666666666,
        0.009666666666666667,
        0.002,
        0.005666666666666667,
        0.0006666666666666666,
        0.003,
        0.0016666666666666668,
        0.001,
        0.0006666666666666666,
        0.0003333333333333333,
        0.004333333333333333,
        0.016666666666666666,
        0.004,
        0.0006666666666666666,
        0.0006666666666666666,
        0.0023333333333333335,
        0.0006666666666666666,
        0.0,
        0.013,
        0.0006666666666666666,
        0.0,
        0.0003333333333333333,
        0.0023333333333333335,
        0.0033333333333333335,
        0.005333333333333333,
        0.019333333333333334,
        0.004333333333333333,
        0.0026666666666666666,
        0.007333333333333333,
        0.005,
        0.001,
        0.0,
        0.0003333333333333333,
        0.017333333333333333,
        0.0013333333333333333,
        0.0026666666666666666,
        0.001,
        0.0003333333333333333,
        0.0003333333333333333,
        0.005333333333333333,
        0.0023333333333333335,
        0.0003333333333333333,
        0.0006666666666666666,
        0.0006666666666666666,
        0.0003333333333333333,
        0.01,
        0.0003333333333333333,
        0.0013333333333333333,
        0.0003333333333333333,
        0.0006666666666666666,
        0.004,
        0.007333333333333333,
        0.016,
