{
    "host": "remote",
    "hyps_file": "temp1.0.hyps",
    "refs_file": "lm.refs",
    "mauve_kmeans_seed": 42,
    "mauve_max_len": 512,
    "mauve_scale_factor": 1,
    "mauve_score": 0.6408825648112548,
    "mauve_frontier_integral": 0.7401824340083041,
    "mauve_div_curve": [
        [
            1.0,
            0.0
        ],
        [
            0.9999993453305023,
            6.857635664757355e-05
        ],
        [
            0.969835848917816,
            0.08414435732533164
        ],
        [
            0.9369236082955879,
            0.14395690502563252
        ],
        [
            0.902734405945603,
            0.1989944828221536
        ],
        [
            0.8677348418152329,
            0.2512284674303556
        ],
        [
            0.8321420005884073,
            0.30143244114824164
        ],
        [
            0.7960754809712982,
            0.35000758873356214
        ],
        [
            0.7596074294953967,
            0.39719141023545124
        ],
        [
            0.7227833370194181,
            0.4431343432056087
        ],
        [
            0.6856319587776408,
            0.487934091584507
        ],
        [
            0.6481704347824698,
            0.5316529549794252
        ],
        [
            0.6104069832120578,
            0.5743271610426387
        ],
        [
            0.5723421850332161,
            0.6159719144826771
        ],
        [
            0.5339692944645247,
            0.6565838265314403
        ],
        [
            0.4952737004127772,
            0.6961414601568854
        ],
        [
            0.4562314328004177,
            0.7346042146838867
        ],
        [
            0.41680633620471574,
            0.771909389265857
        ],
        [
            0.3769450768525245,
            0.807966832493454
        ],
        [
            0.33656820685320743,
            0.8426499040056878
        ],
        [
            0.29555327855634456,
            0.8757801517912209
        ],
        [
            0.2536999507318667,
            0.9071001543095405
        ],
        [
            0.21064750714841982,
            0.9362213942602844
        ],
        [
            0.16563383063067794,
            0.962510756198765
        ],
        [
            0.11644922318684249,
            0.9847848770741773
        ],
        [
            0.00856630015064977,
            0.9999997849943999
        ],
        [
            0.0,
            1.0
        ]
    ],
    "mauve_p_hist": [
        0.0,
        0.0,
        0.011,
        0.0,
        0.0006666666666666666,
        0.001,
        0.0013333333333333333,
        0.0,
        0.0,
        0.005,
        0.0003333333333333333,
        0.0033333333333333335,
        0.001,
        0.0006666666666666666,
        0.0003333333333333333,
        0.0006666666666666666,
        0.004333333333333333,
        0.0016666666666666668,
        0.0003333333333333333,
        0.0033333333333333335,
        0.0006666666666666666,
        0.011333333333333334,
        0.0,
        0.0016666666666666668,
        0.006,
        0.0003333333333333333,
        0.004666666666666667,
        0.0006666666666666666,
        0.0,
        0.009666666666666667,
        0.003,
        0.0016666666666666668,
        0.001,
        0.007,
        0.0033333333333333335,
        0.002,
        0.0023333333333333335,
        0.001,
        0.004333333333333333,
        0.001,
        0.001,
        0.0006666666666666666,
        0.0003333333333333333,
        0.0003333333333333333,
        0.0023333333333333335,
        0.0,
        0.014666666666666666,
        0.0006666666666666666,
        0.009333333333333334,
        0.002,
        0.006,
        0.006,
        0.009,
        0.013,
        0.0006666666666666666,
        0.005,
        0.0,
        0.0003333333333333333,
        0.0,
        0.0036666666666666666,
        0.0003333333333333333,
        0.006333333333333333,
        0.0003333333333333333,
        0.0003333333333333333,
        0.0006666666666666666,
        0.002,
        0.0003333333333333333,
        0.006,
        0.0013333333333333333,
        0.0006666666666666666,
        0.005333333333333333,
        0.014666666666666666,
        0.001,
        0.0,
        0.012666666666666666,
        0.006666666666666667,
        0.001,
        0.014333333333333333,
        0.0003333333333333333,
        0.0003333333333333333,
        0.004333333333333333,
        0.0006666666666666666,
        0.0003333333333333333,
        0.0003333333333333333,
        0.001,
        0.0023333333333333335,
        0.0033333333333333335,
        0.0016666666666666668,
        0.004333333333333333,
        0.0006666666666666666,
        0.0,
        0.0006666666666666666,
        0.0016666666666666668,
        0.002,
        0.013333333333333334,
        0.004333333333333333,
        0.009333333333333334,
        0.0,
        0.0006666666666666666,
        0.001,
        0.0023333333333333335,
        0.0033333333333333335,
        0.006666666666666667,
        0.0006666666666666666,
        0.0023333333333333335,
        0.0026666666666666666,
        0.0003333333333333333,
        0.007,
        0.005333333333333333,
        0.008,
        0.0026666666666666666,
        0.0006666666666666666,
        0.0006666666666666666,
        0.005333333333333333,
        0.005,
        0.0,
        0.0,
        0.007,
        0.002,
        0.001,
        0.004333333333333333,
        0.0013333333333333333,
        0.0036666666666666666,
        0.0006666666666666666,
        0.0016666666666666668,
        0.005,
        0.0016666666666666668,
        0.0016666666666666668,
        0.0,
        0.011666666666666667,
        0.0,
        0.013666666666666667,
        0.009333333333333334,
        0.0026666666666666666,
        0.0,
        0.0036666666666666666,
        0.014666666666666666,
        0.0003333333333333333,
        0.0006666666666666666,
        0.0,
        0.0013333333333333333,
        0.005333333333333333,
        0.002,
        0.0006666666666666666,
        0.007666666666666666,
        0.0016666666666666668,
        0.025666666666666667,
        0.0016666666666666668,
        0.008,
        0.0003333333333333333,
        0.006,
        0.010333333333333333,
        0.001,
        0.008333333333333333,
        0.0003333333333333333,
        0.0006666666666666666,
        0.014333333333333333,
        0.0003333333333333333,
        0.015333333333333332,
        0.0006666666666666666,
        0.006,
        0.008,
        0.0006666666666666666,
        0.0003333333333333333,
        0.0,
        0.004,
        0.015,
        0.0003333333333333333,
        0.005,
        0.0003333333333333333,
        0.005666666666666667,
        0.0,
        0.0033333333333333335,
        0.0026666666666666666,
        0.0013333333333333333,
        0.0013333333333333333,
        0.009333333333333334,
        0.0023333333333333335,
        0.0,
        0.0006666666666666666,
        0.0026666666666666666,
        0.0023333333333333335,
        0.007333333333333333,
        0.0,
        0.0016666666666666668,
        0.004666666666666667,
        0.0006666666666666666,
        0.0003333333333333333,
        0.0006666666666666666,
        0.0,
        0.0026666666666666666,
        0.0,
        0.016666666666666666,
        0.011,
        0.0003333333333333333,
        0.0,
        0.001,
        0.0,
        0.0003333333333333333,
        0.0023333333333333335,
        0.0003333333333333333,
        0.0006666666666666666,
        0.011333333333333334,
        0.0,
        0.0006666666666666666,
        0.0026666666666666666,
        0.003,
        0.0023333333333333335,
        0.0023333333333333335,
        0.011,
        0.001,
        0.0023333333333333335,
        0.0,
        0.0006666666666666666,
        0.0013333333333333333,
        0.001,
        0.0016666666666666668,
        0.002,
        0.011666666666666667,
