{
    "host": "remote",
    "hyps_file": "temp0.5.hyps",
    "refs_file": "lm.refs",
    "mauve_kmeans_seed": 0,
    "mauve_max_len": 512,
    "mauve_scale_factor": 1,
    "mauve_score": 0.5875329755459133,
    "mauve_frontier_integral": 0.8337506493534839,
    "mauve_div_curve": [
        [
            1.0,
            0.0
        ],
        [
            0.9999991379995764,
            6.49868514567716e-06
        ],
        [
            0.963565121671989,
            0.06378507436211131
        ],
        [
            0.9265021561839044,
            0.1175500454252968
        ],
        [
            0.8890594116704799,
            0.1684045617542127
        ],
        [
            0.8513348004453131,
            0.21745992965896263
        ],
        [
            0.8133784741044722,
            0.26518522195530436
        ],
        [
            0.7752190545178633,
            0.3118320645253245
        ],
        [
            0.7368733633270953,
            0.3575522036480718
        ],
        [
            0.6983507646456185,
            0.40244282158048333
        ],
        [
            0.6596552836548161,
            0.4465674518305912
        ],
        [
            0.6207866319136411,
            0.4899667372220895
        ],
        [
            0.5817405945853177,
            0.5326642868523177
        ],
        [
            0.5425089591821861,
            0.5746698524556483
        ],
        [
            0.503079022567599,
            0.6159808315984544
        ],
        [
            0.46343260622844307,
            0.6565825391858207
        ],
        [
            0.42354438602993233,
            0.6964473646575973
        ],
        [
            0.3833791438482762,
            0.7355326751697192
        ],
        [
            0.3428871665111606,
            0.7737770195174231
        ],
        [
            0.30199619439462755,
            0.8110936878943528
        ],
        [
            0.2605963484335561,
            0.8473596922829942
        ],
        [
            0.21850908973938188,
            0.8823959883944563
        ],
        [
            0.1754138989593683,
            0.9159289502933988
        ],
        [
            0.13063399416182087,
            0.9475052700121847
        ],
        [
            0.08221050504704483,
            0.9762617651315169
        ],
        [
            0.0004671507416764503,
            0.999999534329671
        ],
        [
            0.0,
            1.0
        ]
    ],
    "mauve_p_hist": [
        0.0,
        0.0016666666666666668,
        0.003,
        0.0016666666666666668,
        0.009333333333333334,
        0.0003333333333333333,
        0.008333333333333333,
        0.0,
        0.0003333333333333333,
        0.001,
        0.0,
        0.0006666666666666666,
        0.0,
        0.0,
        0.005666666666666667,
        0.007666666666666666,
        0.0003333333333333333,
        0.0,
        0.020666666666666667,
        0.0,
        0.0,
        0.0,
        0.014,
        0.0006666666666666666,
        0.001,
        0.0,
        0.0003333333333333333,
        0.019,
        0.0003333333333333333,
        0.0,
        0.0006666666666666666,
        0.0023333333333333335,
        0.0023333333333333335,
        0.0003333333333333333,
        0.004666666666666667,
        0.0,
        0.0,
        0.0,
        0.012666666666666666,
        0.0013333333333333333,
        0.0,
        0.003,
        0.017,
        0.0003333333333333333,
        0.0023333333333333335,
        0.0,
        0.0,
        0.0003333333333333333,
        0.0,
        0.007666666666666666,
        0.02,
        0.0033333333333333335,
        0.0036666666666666666,
        0.0003333333333333333,
        0.0,
        0.0016666666666666668,
        0.0006666666666666666,
        0.0006666666666666666,
        0.007333333333333333,
        0.0,
        0.008666666666666666,
        0.0,
        0.005666666666666667,
        0.010333333333333333,
        0.003,
        0.008,
        0.002,
        0.005666666666666667,
        0.003,
        0.001,
        0.018,
        0.013,
        0.0016666666666666668,
        0.0,
        0.0003333333333333333,
        0.004333333333333333,
        0.009666666666666667,
        0.0,
        0.0003333333333333333,
        0.0,
        0.004,
        0.008666666666666666,
        0.0023333333333333335,
        0.005666666666666667,
        0.0,
        0.0,
        0.0013333333333333333,
        0.006666666666666667,
        0.0,
        0.002,
        0.004,
        0.0026666666666666666,
        0.0,
        0.016666666666666666,
        0.022333333333333334,
        0.0,
        0.001,
        0.0003333333333333333,
        0.003,
        0.0006666666666666666,
        0.005333333333333333,
        0.0026666666666666666,
        0.0026666666666666666,
        0.026,
        0.0016666666666666668,
        0.0026666666666666666,
        0.0006666666666666666,
        0.0,
        0.0,
        0.0006666666666666666,
        0.0,
        0.0006666666666666666,
        0.0023333333333333335,
        0.020666666666666667,
        0.008333333333333333,
        0.001,
        0.0,
        0.005,
        0.0,
        0.0003333333333333333,
        0.0,
        0.0003333333333333333,
        0.0003333333333333333,
        0.0,
        0.002,
        0.0,
        0.008666666666666666,
        0.008333333333333333,
        0.004666666666666667,
        0.0033333333333333335,
        0.0023333333333333335,
        0.006333333333333333,
        0.009333333333333334,
        0.0,
        0.0036666666666666666,
        0.0,
        0.005333333333333333,
        0.0016666666666666668,
        0.0023333333333333335,
        0.0,
        0.001,
        0.0,
        0.015,
        0.0003333333333333333,
        0.0003333333333333333,
        0.0006666666666666666,
        0.001,
        0.0026666666666666666,
        0.018666666666666668,
        0.0,
        0.0003333333333333333,
        0.0,
        0.007,
        0.0,
        0.0016666666666666668,
        0.0,
        0.003,
        0.014,
        0.001,
        0.0006666666666666666,
        0.0,
        0.0023333333333333335,
        0.011666666666666667,
        0.001,
        0.017666666666666667,
        0.019333333333333334,
        0.0003333333333333333,
        0.001,
        0.0,
        0.0,
        0.0026666666666666666,
        0.017333333333333333,
        0.012,
        0.0,
        0.0023333333333333335,
        0.002,
        0.0,
        0.005666666666666667,
        0.0003333333333333333,
        0.004333333333333333,
        0.0,
        0.0036666666666666666,
        0.0,
        0.0006666666666666666,
        0.0026666666666666666,
        0.0003333333333333333,
        0.0,
        0.0006666666666666666,
        0.008,
        0.0,
        0.0003333333333333333,
        0.0003333333333333333,
        0.013333333333333334,
        0.0006666666666666666,
        0.006333333333333333,
        0.0,
        0.0026666666666666666,
        0.0013333333333333333,
        0.0006666666666666666,
        0.0026666666666666666,
        0.0006666666666666666,
        0.016666666666666666,
        0.002,
        0.0023333333333333335,
        0.0,
        0.0,
        0.0033333333333333335,
        0.013666666666666667,
        0.0003333333333333333,
        0.0003333333333333333,
        0.0006666666666666666,
        0.011,
        0.0,
        0.0016666666666666668,
        0.0023333333333333335,
        0.004333333333333333,
        0.008666666666666666,
        0.0,
        0.0006666666666666666,
        0.0,
        0.0003333333333333333,
        0.002,
        0.001,
        0.0023333333333333335,
        0.0003333333333333333,
        0.003,
        0.0,
        0.0006666666666666666,
        0.007666666666666666,
        0.0,
        0.0,
        0.0,
        0.001,
        0.0003333333333333333,
        0.0006666666666666666,
        0.0003333333333333333,
