{
    "host": "remote",
    "hyps_file": "temp1.0.hyps",
    "refs_file": "lm.refs",
    "mauve_kmeans_seed": 0,
    "mauve_max_len": 512,
    "mauve_scale_factor": 1,
    "mauve_score": 0.6363406301520136,
    "mauve_frontier_integral": 0.7478438796499759,
    "mauve_div_curve": [
        [
            1.0,
            0.0
        ],
        [
            0.9999992849980254,
            3.6381568116006275e-05
        ],
        [
            0.9681734383273942,
            0.08100987100451798
        ],
        [
            0.9343531524265944,
            0.14089847955789564
        ],
        [
            0.8995622702646745,
            0.19609688153526067
        ],
        [
            0.8641344550829162,
            0.24850836658841874
        ],
        [
            0.8282279764522134,
            0.2988946849472918
        ],
        [
            0.7919311060263998,
            0.34765394341625117
        ],
        [
            0.7552973699901865,
            0.3950225435281897
        ],
        [
            0.718360380753056,
            0.44115033137350484
        ],
        [
            0.6811409604269154,
            0.4861345314302271
        ],
        [
            0.643650809223027,
            0.5300369546658499
        ],
        [
            0.605894390021637,
            0.5728932870857224
        ],
        [
            0.567869742901339,
            0.61471811545869
        ],
        [
            0.5295685207906395,
            0.6555073347687963
        ],
        [
            0.49097530142048157,
            0.6952386638835641
        ],
        [
            0.45206603804168743,
            0.7338704861002318
        ],
        [
            0.41280526539442614,
            0.7713388447292526
        ],
        [
            0.3731412463704234,
            0.8075519854947302
        ],
        [
            0.3329973421728271,
            0.8423811430397687
        ],
        [
            0.2922557424663308,
            0.8756449182499082
        ],
        [
            0.25072386481306924,
            0.9070815702618041
        ],
        [
            0.20805493736987804,
            0.9362957744696527
        ],
        [
            0.16351597992814385,
            0.9626424762788418
        ],
        [
            0.1149810908366145,
            0.9849132805648086
        ],
        [
            0.008890261099712662,
            0.9999997899944136
        ],
        [
            0.0,
            1.0
        ]
    ],
    "mauve_p_hist": [
        0.0003333333333333334,
        0.006333333333333334,
        0.0003333333333333334,
        0.010000000000000002,
        0.005666666666666668,
        0.0006666666666666668,
        0.014666666666666668,
        0.003666666666666667,
        0.0006666666666666668,
        0.006666666666666668,
        0.0,
        0.0,
        0.0013333333333333335,
        0.0013333333333333335,
        0.0006666666666666668,
        0.0010000000000000002,
        0.0006666666666666668,
        0.0003333333333333334,
        0.0006666666666666668,
        0.001666666666666667,
        0.005333333333333334,
        0.011666666666666669,
        0.0,
        0.0003333333333333334,
        0.0003333333333333334,
        0.002333333333333334,
        0.007000000000000001,
        0.011333333333333336,
        0.006000000000000001,
        0.0,
        0.0003333333333333334,
        0.0003333333333333334,
        0.002666666666666667,
        0.0,
        0.0030000000000000005,
        0.015000000000000001,
        0.0006666666666666668,
        0.0,
        0.0003333333333333334,
        0.0010000000000000002,
        0.005000000000000001,
        0.0003333333333333334,
        0.0003333333333333334,
        0.002333333333333334,
        0.0020000000000000005,
        0.0020000000000000005,
        0.010666666666666668,
        0.004666666666666668,
        0.014000000000000002,
        0.0013333333333333335,
        0.0006666666666666668,
        0.0003333333333333334,
        0.0,
        0.0030000000000000005,
        0.002666666666666667,
        0.0030000000000000005,
        0.0,
        0.001666666666666667,
        0.0006666666666666668,
        0.0006666666666666668,
        0.0,
        0.004333333333333334,
        0.002333333333333334,
        0.005333333333333334,
        0.002333333333333334,
        0.007000000000000001,
        0.006333333333333334,
        0.0003333333333333334,
        0.0,
        0.0,
        0.0006666666666666668,
        0.0,
        0.0006666666666666668,
        0.0,
        0.008666666666666668,
        0.0003333333333333334,
        0.008666666666666668,
        0.0,
        0.0,
        0.005000000000000001,
        0.013000000000000001,
        0.0,
        0.0,
        0.007333333333333334,
        0.0,
        0.0,
        0.011333333333333336,
        0.011000000000000001,
        0.002666666666666667,
        0.008333333333333335,
        0.0010000000000000002,
        0.0020000000000000005,
        0.0003333333333333334,
        0.002333333333333334,
        0.0013333333333333335,
        0.008000000000000002,
        0.002333333333333334,
        0.0003333333333333334,
        0.004000000000000001,
        0.002666666666666667,
        0.0010000000000000002,
        0.0006666666666666668,
        0.0,
        0.0006666666666666668,
        0.0003333333333333334,
        0.0,
        0.007000000000000001,
        0.0013333333333333335,
        0.0003333333333333334,
        0.005333333333333334,
        0.0010000000000000002,
        0.0006666666666666668,
        0.003333333333333334,
        0.007000000000000001,
        0.0020000000000000005,
        0.0013333333333333335,
        0.0010000000000000002,
        0.0006666666666666668,
        0.005333333333333334,
        0.005333333333333334,
        0.006333333333333334,
        0.006333333333333334,
        0.0,
        0.0006666666666666668,
        0.004666666666666668,
        0.0006666666666666668,
        0.007000000000000001,
        0.005333333333333334,
        0.0,
        0.0010000000000000002,
        0.003333333333333334,
        0.0020000000000000005,
        0.0,
        0.003333333333333334,
        0.006666666666666668,
        0.0006666666666666668,
        0.0,
        0.0,
        0.0013333333333333335,
        0.008666666666666668,
        0.0003333333333333334,
        0.0020000000000000005,
        0.0020000000000000005,
        0.0003333333333333334,
        0.0010000000000000002,
        0.004000000000000001,
        0.0003333333333333334,
        0.003666666666666667,
        0.0006666666666666668,
        0.002333333333333334,
        0.0006666666666666668,
        0.003666666666666667,
        0.003333333333333334,
        0.007333333333333334,
        0.003333333333333334,
        0.006333333333333334,
        0.0003333333333333334,
        0.0006666666666666668,
        0.006333333333333334,
        0.0020000000000000005,
        0.017333333333333336,
        0.0,
        0.0020000000000000005,
        0.003333333333333334,
        0.0013333333333333335,
        0.001666666666666667,
        0.0006666666666666668,
        0.0003333333333333334,
        0.0030000000000000005,
        0.009000000000000001,
        0.008666666666666668,
        0.006000000000000001,
        0.0,
        0.0,
        0.004000000000000001,
        0.0,
        0.003333333333333334,
        0.001666666666666667,
        0.006666666666666668,
        0.0030000000000000005,
        0.007666666666666667,
        0.0003333333333333334,
        0.0006666666666666668,
        0.0,
        0.002666666666666667,
        0.0006666666666666668,
        0.0010000000000000002,
        0.007000000000000001,
        0.005666666666666668,
        0.014000000000000002,
        0.002333333333333334,
        0.004333333333333334,
        0.004666666666666668,
        0.004666666666666668,
        0.0003333333333333334,
        0.0003333333333333334,
        0.0013333333333333335,
