{
    "host": "remote",
    "hyps_file": "top_k_40.hyps",
    "refs_file": "lm.refs",
    "mauve_kmeans_seed": 42,
    "mauve_max_len": 512,
    "mauve_scale_factor": 1,
    "mauve_score": 0.7112434342418184,
    "mauve_frontier_integral": 0.6211975553279074,
    "mauve_div_curve": [
        [
            1.0,
            0.0
        ],
        [
            0.9999993833317926,
            0.00015422976624381786
        ],
        [
            0.9725738883597617,
            0.11823867622439357
        ],
        [
            0.9432362017004348,
            0.19045096603708866
        ],
        [
            0.9128410508282936,
            0.2533382025490224
        ],
        [
            0.8817004749085489,
            0.31085986237161284
        ],
        [
            0.849971026206382,
            0.36459022437437283
        ],
        [
            0.8177422206393251,
            0.41535180553046397
        ],
        [
            0.7850681322479203,
            0.4636373787628066
        ],
        [
            0.7519812909319276,
            0.5097663535800142
        ],
        [
            0.7184995177450247,
            0.553955311990086
        ],
        [
            0.6846294173972601,
            0.596354027758182
        ],
        [
            0.6503680295985765,
            0.6370654015261181
        ],
        [
            0.6157032742137629,
            0.6761570033863799
        ],
        [
            0.5806134123852118,
            0.7136677719710804
        ],
        [
            0.5450654825848994,
            0.7496115971551114
        ],
        [
            0.5090124149901756,
            0.7839786004514862
        ],
        [
            0.47238815922070354,
            0.8167343782668147
        ],
        [
            0.43509948399474907,
            0.8478170283969654
        ],
        [
            0.3970116752823699,
            0.8771312489306917
        ],
        [
            0.3579219544053686,
            0.904537918391479
        ],
        [
            0.317505206048513,
            0.9298357620070729
        ],
        [
            0.27518681742944295,
            0.9527273725387262
        ],
        [
            0.22977282033377514,
            0.9727494401447782
        ],
        [
            0.17784005879627576,
            0.9891010300301671
        ],
        [
            0.025862820228939785,
            0.9999998383298675
        ],
        [
            0.0,
            1.0
        ]
    ],
    "mauve_p_hist": [
        0.0006666666666666666,
        0.010666666666666666,
        0.0003333333333333333,
        0.007,
        0.0003333333333333333,
        0.0003333333333333333,
        0.004333333333333333,
        0.0013333333333333333,
        0.006333333333333333,
        0.0003333333333333333,
        0.0,
        0.001,
        0.001,
        0.0036666666666666666,
        0.0,
        0.0023333333333333335,
        0.008666666666666666,
        0.0003333333333333333,
        0.012666666666666666,
        0.0023333333333333335,
        0.0013333333333333333,
        0.0,
        0.0003333333333333333,
        0.005333333333333333,
        0.0016666666666666668,
        0.0013333333333333333,
        0.0003333333333333333,
        0.0013333333333333333,
        0.006666666666666667,
        0.0036666666666666666,
        0.002,
        0.001,
        0.0013333333333333333,
        0.005,
        0.0003333333333333333,
        0.006,
        0.0036666666666666666,
        0.0,
        0.013333333333333334,
        0.013666666666666667,
        0.0023333333333333335,
        0.0003333333333333333,
        0.015333333333333332,
        0.0003333333333333333,
        0.0006666666666666666,
        0.0,
        0.0003333333333333333,
        0.006,
        0.0033333333333333335,
        0.004333333333333333,
        0.004,
        0.0013333333333333333,
        0.0016666666666666668,
        0.0036666666666666666,
        0.0016666666666666668,
        0.0,
        0.0016666666666666668,
        0.004,
        0.0006666666666666666,
        0.004333333333333333,
        0.008333333333333333,
        0.0006666666666666666,
        0.0,
        0.0006666666666666666,
        0.0,
        0.0003333333333333333,
        0.001,
        0.007333333333333333,
        0.0,
        0.0003333333333333333,
        0.0003333333333333333,
        0.0,
        0.006,
        0.0006666666666666666,
        0.009333333333333334,
        0.007,
        0.0013333333333333333,
        0.0013333333333333333,
        0.0,
        0.0006666666666666666,
        0.0003333333333333333,
        0.0003333333333333333,
        0.014666666666666666,
        0.004,
        0.0,
        0.001,
        0.006,
        0.0003333333333333333,
        0.0006666666666666666,
        0.0016666666666666668,
        0.0016666666666666668,
        0.006666666666666667,
        0.008,
        0.0023333333333333335,
        0.004,
        0.001,
        0.004333333333333333,
        0.002,
        0.008,
        0.012666666666666666,
        0.005333333333333333,
        0.001,
        0.0023333333333333335,
        0.006666666666666667,
        0.0023333333333333335,
        0.0026666666666666666,
        0.001,
        0.0033333333333333335,
        0.010333333333333333,
        0.001,
        0.0026666666666666666,
        0.0,
        0.016666666666666666,
        0.002,
        0.0026666666666666666,
        0.005,
        0.006,
        0.0013333333333333333,
        0.0,
        0.0006666666666666666,
        0.003,
        0.0023333333333333335,
        0.0013333333333333333,
        0.002,
        0.0013333333333333333,
        0.0,
        0.001,
        0.0006666666666666666,
        0.0016666666666666668,
        0.0,
        0.001,
        0.0,
        0.0,
        0.003,
        0.005666666666666667,
        0.0026666666666666666,
        0.0006666666666666666,
        0.015333333333333332,
        0.0006666666666666666,
        0.005,
        0.0003333333333333333,
        0.005333333333333333,
        0.0003333333333333333,
        0.007666666666666666,
        0.005666666666666667,
        0.001,
        0.008666666666666666,
        0.013666666666666667,
        0.0026666666666666666,
        0.010666666666666666,
        0.0013333333333333333,
        0.0,
        0.0016666666666666668,
        0.0,
        0.0026666666666666666,
        0.001,
        0.0,
        0.0013333333333333333,
        0.003,
        0.0003333333333333333,
        0.0006666666666666666,
        0.004666666666666667,
        0.003,
        0.0023333333333333335,
        0.005,
        0.0,
        0.001,
        0.0023333333333333335,
        0.004666666666666667,
        0.006333333333333333,
        0.001,
        0.006,
        0.0006666666666666666,
        0.002,
        0.01,
        0.0,
        0.0003333333333333333,
        0.002,
        0.001,
        0.0023333333333333335,
        0.001,
        0.004666666666666667,
        0.0033333333333333335,
        0.012333333333333333,
        0.005666666666666667,
        0.014333333333333333,
        0.0003333333333333333,
        0.004333333333333333,
        0.004,
        0.0013333333333333333,
        0.0023333333333333335,
        0.013333333333333334,
        0.006333333333333333,
        0.0016666666666666668,
        0.001,
        0.009,
        0.0003333333333333333,
        0.0023333333333333335,
        0.0,
        0.001,
        0.008333333333333333,
        0.003,
        0.004333333333333333,
        0.0026666666666666666,
        0.010333333333333333,
        0.001,
        0.0013333333333333333,
        0.0026666666666666666,
        0.001,
        0.0013333333333333333,
        0.007333333333333333,
        0.0023333333333333335,
        0.0006666666666666666,
        0.016666666666666666,
        0.0006666666666666666,
        0.0023333333333333335,
        0.007333333333333333,
        0.006333333333333333,
        0.0033333333333333335,
