{
    "host": "remote",
    "hyps_file": "top_k_30.hyps",
    "refs_file": "lm.refs",
    "mauve_kmeans_seed": 42,
    "mauve_max_len": 512,
    "mauve_scale_factor": 1,
    "mauve_score": 0.7179395893766181,
    "mauve_frontier_integral": 0.6105901663167415,
    "mauve_div_curve": [
        [
            1.0,
            0.0
        ],
        [
            0.9999993919985181,
            0.0001752198983965271
        ],
        [
            0.9730086194286706,
            0.12200270204820611
        ],
        [
            0.9441465179384347,
            0.19493434788471356
        ],
        [
            0.9142029198528832,
            0.25811320377411584
        ],
        [
            0.8834720043509543,
            0.3157540812351886
        ],
        [
            0.8521046284400449,
            0.3695243377700188
        ],
        [
            0.8201888184760564,
            0.4202902367312231
        ],
        [
            0.7877788951302869,
            0.46856780094770684
        ],
        [
            0.7549084542024949,
            0.5146895564069992
        ],
        [
            0.721596841805592,
            0.5588795440423031
        ],
        [
            0.6878525265912927,
            0.601291497040359
        ],
        [
            0.6536747585018352,
            0.6420298753435647
        ],
        [
            0.6190541141607827,
            0.6811619572362733
        ],
        [
            0.583972155835306,
            0.7187247555491746
        ],
        [
            0.5484002012594235,
            0.7547285717322553
        ],
        [
            0.5122969931804949,
            0.7891580104542952
        ],
        [
            0.475604776978672,
            0.8219706599995619
        ],
        [
            0.43824280595606124,
            0.8530931043537866
        ],
        [
            0.4000963048180552,
            0.8824132264219554
        ],
        [
            0.36099667794523366,
            0.9097664990860088
        ],
        [
            0.32068299303948156,
            0.934911211333044
        ],
        [
            0.27871743937345106,
            0.9574805555872522
        ],
        [
            0.2342612668002716,
            0.97687791051863
        ],
        [
            0.18523076416623419,
            0.9919939373823391
        ],
        [
            0.08216629945193125,
            0.9999999529947443
        ],
        [
            0.0,
            1.0
        ]
    ],
    "mauve_p_hist": [
        0.006333333333333333,
        0.0006666666666666666,
        0.0013333333333333333,
        0.0,
        0.0003333333333333333,
        0.008666666666666666,
        0.003,
        0.0006666666666666666,
        0.0013333333333333333,
        0.007333333333333333,
        0.0,
        0.0033333333333333335,
        0.001,
        0.0006666666666666666,
        0.003,
        0.006333333333333333,
        0.002,
        0.010333333333333333,
        0.011333333333333334,
        0.0026666666666666666,
        0.006666666666666667,
        0.0026666666666666666,
        0.0003333333333333333,
        0.003,
        0.0003333333333333333,
        0.0023333333333333335,
        0.0026666666666666666,
        0.0006666666666666666,
        0.002,
        0.004333333333333333,
        0.0033333333333333335,
        0.0013333333333333333,
        0.004,
        0.0,
        0.006333333333333333,
        0.0016666666666666668,
        0.004666666666666667,
        0.0006666666666666666,
        0.0016666666666666668,
        0.007,
        0.005333333333333333,
        0.0003333333333333333,
        0.001,
        0.0013333333333333333,
        0.006,
        0.005,
        0.0026666666666666666,
        0.0036666666666666666,
        0.0003333333333333333,
        0.003,
        0.006,
        0.0003333333333333333,
        0.0033333333333333335,
        0.0023333333333333335,
        0.0036666666666666666,
        0.006,
        0.005,
        0.004333333333333333,
        0.0006666666666666666,
        0.0013333333333333333,
        0.009666666666666667,
        0.0003333333333333333,
        0.0013333333333333333,
        0.006,
        0.002,
        0.001,
        0.0003333333333333333,
        0.0016666666666666668,
        0.0026666666666666666,
        0.005666666666666667,
        0.001,
        0.0016666666666666668,
        0.0003333333333333333,
        0.001,
        0.0013333333333333333,
        0.002,
        0.0026666666666666666,
        0.004333333333333333,
        0.0003333333333333333,
        0.007333333333333333,
        0.0016666666666666668,
        0.008666666666666666,
        0.001,
        0.001,
        0.0023333333333333335,
        0.008666666666666666,
        0.0003333333333333333,
        0.0023333333333333335,
        0.0,
        0.007666666666666666,
        0.0003333333333333333,
        0.0006666666666666666,
        0.007,
        0.0016666666666666668,
        0.0033333333333333335,
        0.002,
        0.005,
        0.004,
        0.0016666666666666668,
        0.001,
        0.005666666666666667,
        0.013666666666666667,
        0.001,
        0.013666666666666667,
        0.0006666666666666666,
        0.005,
        0.013666666666666667,
        0.003,
        0.009333333333333334,
        0.0006666666666666666,
        0.005333333333333333,
        0.004333333333333333,
        0.0023333333333333335,
        0.010333333333333333,
        0.0013333333333333333,
        0.005666666666666667,
        0.005,
        0.007666666666666666,
        0.0026666666666666666,
        0.0013333333333333333,
        0.004666666666666667,
        0.006,
        0.009,
        0.0016666666666666668,
        0.0023333333333333335,
        0.0,
        0.0006666666666666666,
        0.002,
        0.0006666666666666666,
        0.0013333333333333333,
        0.002,
        0.0,
        0.006333333333333333,
        0.0003333333333333333,
        0.010666666666666666,
        0.004,
        0.002,
        0.004,
        0.008333333333333333,
        0.012,
        0.008333333333333333,
        0.002,
        0.007,
        0.0006666666666666666,
        0.016,
        0.0036666666666666666,
        0.0003333333333333333,
        0.0003333333333333333,
        0.0003333333333333333,
        0.0,
        0.0003333333333333333,
        0.0026666666666666666,
        0.0006666666666666666,
        0.005,
        0.004,
        0.0013333333333333333,
        0.002,
        0.002,
        0.001,
        0.01,
        0.007666666666666666,
        0.006,
        0.0016666666666666668,
        0.003,
        0.0006666666666666666,
        0.0033333333333333335,
        0.0003333333333333333,
        0.0013333333333333333,
        0.0026666666666666666,
        0.003,
        0.001,
        0.0006666666666666666,
        0.005333333333333333,
        0.009666666666666667,
        0.005333333333333333,
        0.0,
        0.0003333333333333333,
        0.0033333333333333335,
        0.006,
        0.001,
        0.0013333333333333333,
        0.01,
        0.007333333333333333,
        0.0033333333333333335,
        0.003,
        0.0003333333333333333,
        0.0003333333333333333,
        0.004,
        0.007,
        0.0036666666666666666,
        0.0003333333333333333,
        0.0023333333333333335,
        0.002,
        0.0013333333333333333,
        0.002,
        0.004,
        0.004,
        0.0,
        0.0,
        0.0003333333333333333,
        0.004333333333333333,
        0.006333333333333333,
        0.006333333333333333,
        0.009666666666666667,
        0.004666666666666667,
        0.0006666666666666666,
        0.003,
        0.0016666666666666668,
        0.0003333333333333333,
        0.0033333333333333335,
        0.016,
        0.001,
        0.007,
        0.0006666666666666666,
        0.0006666666666666666,
        0.0003333333333333333,
        0.002,
        0.0033333333333333335,
