{
    "host": "remote",
    "hyps_file": "top_k_40.hyps",
    "refs_file": "lm.refs",
    "mauve_kmeans_seed": 0,
    "mauve_max_len": 512,
    "mauve_scale_factor": 1,
    "mauve_score": 0.7172207719058836,
    "mauve_frontier_integral": 0.6110231090762599,
    "mauve_div_curve": [
        [
            1.0,
            0.0
        ],
        [
            0.9999993769977402,
            0.00014121550986707416
        ],
        [
            0.9719843005778361,
            0.11848928359497846
        ],
        [
            0.9421237740074033,
            0.19260253919383472
        ],
        [
            0.9113861034416277,
            0.2571435226099192
        ],
        [
            0.880059580458314,
            0.31603551175184014
        ],
        [
            0.8482746966566508,
            0.37088306649480574
        ],
        [
            0.8161001830888046,
            0.42254167029097545
        ],
        [
            0.7835740938022663,
            0.4715318144398374
        ],
        [
            0.7507165534199924,
            0.5181951724468049
        ],
        [
            0.7175356707535077,
            0.5627660948170414
        ],
        [
            0.6840303804897513,
            0.6054085772657373
        ],
        [
            0.6501916536628991,
            0.6462369423933576
        ],
        [
            0.6160026588099932,
            0.6853279314139488
        ],
        [
            0.5814380655320575,
            0.7227277907203126
        ],
        [
            0.5464624430335143,
            0.7584561093644977
        ],
        [
            0.5110274799806545,
            0.7925072348269542
        ],
        [
            0.47506743096085763,
            0.8248495245130729
        ],
        [
            0.43849161326426006,
            0.8554222132379296
        ],
        [
            0.40117156598898224,
            0.884129084693889
        ],
        [
            0.36291765533777515,
            0.9108271197315148
        ],
        [
            0.32343240856844585,
            0.9353061510778988
        ],
        [
            0.2822042672904712,
            0.9572502362236366
        ],
        [
            0.23820970981857692,
            0.9761556396863854
        ],
        [
            0.1886775648790941,
            0.9911187956819121
        ],
        [
            0.05204902545581373,
            0.9999999016627559
        ],
        [
            0.0,
            1.0
        ]
    ],
    "mauve_p_hist": [
        0.0003333333333333333,
        0.004333333333333333,
        0.001,
        0.016,
        0.006333333333333333,
        0.0016666666666666668,
        0.006,
        0.009,
        0.0013333333333333333,
        0.0006666666666666666,
        0.001,
        0.0003333333333333333,
        0.0026666666666666666,
        0.002,
        0.001,
        0.0013333333333333333,
        0.011666666666666667,
        0.001,
        0.004333333333333333,
        0.0003333333333333333,
        0.0016666666666666668,
        0.005,
        0.0006666666666666666,
        0.0003333333333333333,
        0.0013333333333333333,
        0.0016666666666666668,
        0.005,
        0.008333333333333333,
        0.008,
        0.0006666666666666666,
        0.0006666666666666666,
        0.0016666666666666668,
        0.001,
        0.0003333333333333333,
        0.0003333333333333333,
        0.013333333333333334,
        0.004,
        0.0006666666666666666,
        0.0006666666666666666,
        0.0036666666666666666,
        0.006666666666666667,
        0.0026666666666666666,
        0.0016666666666666668,
        0.006,
        0.002,
        0.006,
        0.011333333333333334,
        0.002,
        0.002,
        0.007333333333333333,
        0.0,
        0.001,
        0.0,
        0.004666666666666667,
        0.0013333333333333333,
        0.004666666666666667,
        0.0006666666666666666,
        0.002,
        0.002,
        0.0003333333333333333,
        0.0016666666666666668,
        0.0006666666666666666,
        0.007,
        0.020666666666666667,
        0.0,
        0.007,
        0.005,
        0.0016666666666666668,
        0.0016666666666666668,
        0.0003333333333333333,
        0.0006666666666666666,
        0.0006666666666666666,
        0.0016666666666666668,
        0.001,
        0.0033333333333333335,
        0.002,
        0.0016666666666666668,
        0.0003333333333333333,
        0.0003333333333333333,
        0.004,
        0.0013333333333333333,
        0.0,
        0.0013333333333333333,
        0.0023333333333333335,
        0.0006666666666666666,
        0.0003333333333333333,
        0.008,
        0.0016666666666666668,
        0.0006666666666666666,
        0.007666666666666666,
        0.0003333333333333333,
        0.005333333333333333,
        0.0006666666666666666,
        0.005666666666666667,
        0.004333333333333333,
        0.005333333333333333,
        0.0026666666666666666,
        0.0006666666666666666,
        0.014333333333333333,
        0.0006666666666666666,
        0.0026666666666666666,
        0.0023333333333333335,
        0.0003333333333333333,
        0.004,
        0.002,
        0.0,
        0.009,
        0.006333333333333333,
        0.0006666666666666666,
        0.001,
        0.001,
        0.0026666666666666666,
        0.0013333333333333333,
        0.002,
        0.004,
        0.0023333333333333335,
        0.002,
        0.001,
        0.010666666666666666,
        0.0023333333333333335,
        0.0036666666666666666,
        0.004333333333333333,
        0.0,
        0.0006666666666666666,
        0.0036666666666666666,
        0.0026666666666666666,
        0.004666666666666667,
        0.002,
        0.0,
        0.002,
        0.0006666666666666666,
        0.0026666666666666666,
        0.0006666666666666666,
        0.005,
        0.014666666666666666,
        0.0,
        0.0003333333333333333,
        0.0006666666666666666,
        0.0023333333333333335,
        0.001,
        0.0006666666666666666,
        0.001,
        0.005666666666666667,
        0.0,
        0.0013333333333333333,
        0.0026666666666666666,
        0.0006666666666666666,
        0.0003333333333333333,
        0.0016666666666666668,
        0.005666666666666667,
        0.0006666666666666666,
        0.003,
        0.004333333333333333,
        0.007333333333333333,
        0.0003333333333333333,
        0.006,
        0.0003333333333333333,
        0.0013333333333333333,
        0.005666666666666667,
        0.004,
        0.02033333333333333,
        0.001,
        0.0033333333333333335,
        0.0026666666666666666,
        0.005333333333333333,
        0.0026666666666666666,
        0.0013333333333333333,
        0.0013333333333333333,
        0.001,
        0.005333333333333333,
        0.0026666666666666666,
        0.005,
        0.0,
        0.0016666666666666668,
        0.001,
        0.0003333333333333333,
        0.01,
        0.0013333333333333333,
        0.004,
        0.006,
        0.0006666666666666666,
        0.001,
        0.0016666666666666668,
        0.0003333333333333333,
        0.0033333333333333335,
        0.0016666666666666668,
        0.009,
        0.0036666666666666666,
        0.008333333333333333,
        0.004,
        0.002,
        0.017666666666666667,
        0.0033333333333333335,
        0.005,
        0.0003333333333333333,
        0.0,
        0.0016666666666666668,
        0.003,
        0.002,
        0.0036666666666666666,
        0.005666666666666667,
        0.003,
        0.0033333333333333335,
        0.0003333333333333333,
        0.014,
        0.0006666666666666666,
        0.0036666666666666666,
        0.0016666666666666668,
        0.013666666666666667,
        0.0016666666666666668,
        0.002,
        0.006333333333333333,
        0.005666666666666667,
        0.0013333333333333333,
        0.001,
        0.005333333333333333,
