{
    "host": "remote",
    "hyps_file": "top_k_30.hyps",
    "refs_file": "lm.refs",
    "mauve_kmeans_seed": 0,
    "mauve_max_len": 512,
    "mauve_scale_factor": 1,
    "mauve_score": 0.7090683375297397,
    "mauve_frontier_integral": 0.6248938282652644,
    "mauve_div_curve": [
        [
            1.0,
            0.0
        ],
        [
            0.9999993613320981,
            0.00012016169887321423
        ],
        [
            0.971896825057452,
            0.11481328266020382
        ],
        [
            0.9420233011904334,
            0.18665196797526667
        ],
        [
            0.9111298335163813,
            0.24956538150986973
        ],
        [
            0.8795148815385426,
            0.30732626789070133
        ],
        [
            0.8473326239449801,
            0.36143073416147004
        ],
        [
            0.8146728145202506,
            0.4126584584174813
        ],
        [
            0.7815907416509141,
            0.4614750313450133
        ],
        [
            0.7481207614182576,
            0.5081807119764354
        ],
        [
            0.714283093659997,
            0.5529773742289523
        ],
        [
            0.6800873942017674,
            0.5960025883750447
        ],
        [
            0.6455345599730997,
            0.6373483771230061
        ],
        [
            0.6106174057984732,
            0.6770719448553623
        ],
        [
            0.575320464590358,
            0.7152017283225947
        ],
        [
            0.5396189276082164,
            0.7517403722799023
        ],
        [
            0.503476532220355,
            0.7866653447600664
        ],
        [
            0.4668419251643956,
            0.8199273475723352
        ],
        [
            0.42964253880542513,
            0.8514461848820202
        ],
        [
            0.391774009330656,
            0.8811031089431784
        ],
        [
            0.35308082840332705,
            0.9087275279507995
        ],
        [
            0.31331776060617117,
            0.9340735434306707
        ],
        [
            0.2720623583017353,
            0.9567757664139628
        ],
        [
            0.22847200560230027,
            0.9762559021493146
        ],
        [
            0.1802957888847194,
            0.991481263316545
        ],
        [
            0.06149895784844389,
            0.9999999246621865
        ],
        [
            0.0,
            1.0
        ]
    ],
    "mauve_p_hist": [
        0.0006666666666666666,
        0.0003333333333333333,
        0.002,
        0.0,
        0.0036666666666666666,
        0.0013333333333333333,
        0.002,
        0.0003333333333333333,
        0.01,
        0.0013333333333333333,
        0.005666666666666667,
        0.005,
        0.0023333333333333335,
        0.0003333333333333333,
        0.0006666666666666666,
        0.0,
        0.0033333333333333335,
        0.0,
        0.0016666666666666668,
        0.010333333333333333,
        0.009,
        0.0023333333333333335,
        0.0023333333333333335,
        0.0003333333333333333,
        0.0036666666666666666,
        0.0006666666666666666,
        0.0,
        0.0023333333333333335,
        0.004,
        0.001,
        0.003,
        0.0,
        0.006,
        0.0013333333333333333,
        0.0023333333333333335,
        0.003,
        0.0026666666666666666,
        0.006333333333333333,
        0.0016666666666666668,
        0.005666666666666667,
        0.001,
        0.0,
        0.004666666666666667,
        0.001,
        0.0003333333333333333,
        0.0003333333333333333,
        0.0006666666666666666,
        0.0,
        0.0,
        0.003,
        0.005333333333333333,
        0.001,
        0.0006666666666666666,
        0.0013333333333333333,
        0.011666666666666667,
        0.007333333333333333,
        0.0006666666666666666,
        0.0026666666666666666,
        0.005666666666666667,
        0.0006666666666666666,
        0.006,
        0.008666666666666666,
        0.0003333333333333333,
        0.0,
        0.009,
        0.001,
        0.005333333333333333,
        0.0033333333333333335,
        0.0006666666666666666,
        0.0,
        0.004,
        0.0013333333333333333,
        0.0016666666666666668,
        0.007,
        0.0006666666666666666,
        0.0013333333333333333,
        0.0026666666666666666,
        0.0006666666666666666,
        0.001,
        0.0026666666666666666,
        0.008,
        0.008666666666666666,
        0.0023333333333333335,
        0.006333333333333333,
        0.0016666666666666668,
        0.0003333333333333333,
        0.0,
        0.0026666666666666666,
        0.0013333333333333333,
        0.0013333333333333333,
        0.0003333333333333333,
        0.0026666666666666666,
        0.005,
        0.003,
        0.0,
        0.0003333333333333333,
        0.0,
        0.0016666666666666668,
        0.0006666666666666666,
        0.0003333333333333333,
        0.001,
        0.006666666666666667,
        0.0023333333333333335,
        0.0003333333333333333,
        0.001,
        0.0016666666666666668,
        0.0016666666666666668,
        0.002,
        0.0003333333333333333,
        0.0016666666666666668,
        0.0013333333333333333,
        0.0026666666666666666,
        0.0023333333333333335,
        0.004333333333333333,
        0.0016666666666666668,
        0.0016666666666666668,
        0.002,
        0.005,
        0.0003333333333333333,
        0.0016666666666666668,
        0.001,
        0.005333333333333333,
        0.0016666666666666668,
        0.008,
        0.0003333333333333333,
        0.010666666666666666,
        0.001,
        0.002,
        0.0013333333333333333,
        0.007,
        0.009,
        0.0036666666666666666,
        0.002,
        0.0006666666666666666,
        0.006333333333333333,
        0.0006666666666666666,
        0.005,
        0.0016666666666666668,
        0.0013333333333333333,
        0.0036666666666666666,
        0.0036666666666666666,
        0.001,
        0.006666666666666667,
        0.005333333333333333,
        0.0033333333333333335,
        0.002,
        0.009666666666666667,
        0.013333333333333334,
        0.001,
        0.008,
        0.001,
        0.002,
        0.005666666666666667,
        0.001,
        0.004666666666666667,
        0.014333333333333333,
        0.009,
        0.0003333333333333333,
        0.004,
        0.0,
        0.005,
        0.002,
        0.0033333333333333335,
        0.004666666666666667,
        0.0003333333333333333,
        0.001,
        0.001,
        0.017666666666666667,
        0.008333333333333333,
        0.008333333333333333,
        0.002,
        0.001,
        0.0016666666666666668,
        0.007333333333333333,
        0.0003333333333333333,
        0.004,
        0.004333333333333333,
        0.017,
        0.012333333333333333,
        0.006333333333333333,
        0.007666666666666666,
        0.0,
        0.014666666666666666,
        0.0033333333333333335,
        0.0016666666666666668,
        0.014,
        0.0006666666666666666,
        0.001,
        0.0,
        0.004,
        0.0016666666666666668,
        0.01,
        0.015333333333333332,
        0.002,
        0.0026666666666666666,
        0.004666666666666667,
        0.0003333333333333333,
        0.005,
        0.001,
        0.0006666666666666666,
        0.0013333333333333333,
        0.003,
        0.0003333333333333333,
        0.001,
        0.0013333333333333333,
        0.0013333333333333333,
        0.005666666666666667,
        0.0013333333333333333,
        0.0006666666666666666,
        0.0,
        0.008333333333333333,
        0.001,
        0.0003333333333333333,
        0.0013333333333333333,
        0.002,
        0.0003333333333333333,
        0.009,
        0.0006666666666666666,
        0.0026666666666666666,
        0.0003333333333333333,
        0.004,
