{
    "host": "remote",
    "hyps_file": "top_p0.9.hyps",
    "refs_file": "lm.refs",
    "mauve_kmeans_seed": 0,
    "mauve_max_len": 512,
    "mauve_scale_factor": 1,
    "mauve_score": 0.6935058628541513,
    "mauve_frontier_integral": 0.6505195832600016,
    "mauve_div_curve": [
        [
            1.0,
            0.0
        ],
        [
            0.9999993119990767,
            6.681469103485769e-05
        ],
        [
            0.9702138779680092,
            0.1058833142120578
        ],
        [
            0.9390841958468193,
            0.17595702259557744
        ],
        [
            0.9071569590310165,
            0.23784457966594055
        ],
        [
            0.874647616808028,
            0.29494151807866864
        ],
        [
            0.8416678451263216,
            0.34862040933732136
        ],
        [
            0.8082829320752281,
            0.3996024327221649
        ],
        [
            0.7745330042706126,
            0.4483195171460119
        ],
        [
            0.7404425376652027,
            0.4950501561142833
        ],
        [
            0.7060250817785431,
            0.5399810885239612
        ],
        [
            0.6712856715342239,
            0.5832388782159004
        ],
        [
            0.6362219342135917,
            0.6249073472683657
        ],
        [
            0.6008243135281144,
            0.6650375558689177
        ],
        [
            0.5650755453771399,
            0.7036534165661185
        ],
        [
            0.5289493271257933,
            0.7407544264999326
        ],
        [
            0.49240792414539003,
            0.7763161787502177
        ],
        [
            0.45539816199952105,
            0.8102887939035828
        ],
        [
            0.4178447039192746,
            0.8425929541373658
        ],
        [
            0.37963834966509363,
            0.8731126260160332
        ],
        [
            0.3406143301474816,
            0.9016825194879936
        ],
        [
            0.30050810979180714,
            0.9280661494180443
        ],
        [
            0.2588522297383663,
            0.9519150460003605
        ],
        [
            0.2146778827730557,
            0.972684244009385
        ],
        [
            0.16522373968498114,
            0.9894215942883651
        ],
        [
            0.029007152979257392,
            0.9999998583296851
        ],
        [
            0.0,
            1.0
        ]
    ],
    "mauve_p_hist": [
        0.0026666666666666666,
        0.0,
        0.003,
        0.0003333333333333333,
        0.0033333333333333335,
        0.0006666666666666666,
        0.008666666666666666,
        0.0003333333333333333,
        0.004666666666666667,
        0.0003333333333333333,
        0.006,
        0.006666666666666667,
        0.0033333333333333335,
        0.0003333333333333333,
        0.0003333333333333333,
        0.0003333333333333333,
        0.006333333333333333,
        0.0,
        0.005,
        0.009,
        0.0036666666666666666,
        0.014333333333333333,
        0.012,
        0.018666666666666668,
        0.012,
        0.0003333333333333333,
        0.0003333333333333333,
        0.0023333333333333335,
        0.0026666666666666666,
        0.0016666666666666668,
        0.001,
        0.0,
        0.008666666666666666,
        0.0013333333333333333,
        0.0013333333333333333,
        0.0006666666666666666,
        0.004333333333333333,
        0.0013333333333333333,
        0.0013333333333333333,
        0.001,
        0.0,
        0.0003333333333333333,
        0.0036666666666666666,
        0.0006666666666666666,
        0.0003333333333333333,
        0.0,
        0.0003333333333333333,
        0.0003333333333333333,
        0.0006666666666666666,
        0.0016666666666666668,
        0.003,
        0.003,
        0.0033333333333333335,
        0.003,
        0.005666666666666667,
        0.008666666666666666,
        0.004333333333333333,
        0.011333333333333334,
        0.010666666666666666,
        0.0016666666666666668,
        0.005666666666666667,
        0.0033333333333333335,
        0.0003333333333333333,
        0.0,
        0.005,
        0.0006666666666666666,
        0.0033333333333333335,
        0.0013333333333333333,
        0.0,
        0.0,
        0.005,
        0.0,
        0.0013333333333333333,
        0.009666666666666667,
        0.001,
        0.0016666666666666668,
        0.005,
        0.0023333333333333335,
        0.010666666666666666,
        0.009333333333333334,
        0.002,
        0.009,
        0.0003333333333333333,
        0.005333333333333333,
        0.002,
        0.0,
        0.0013333333333333333,
        0.0013333333333333333,
        0.0006666666666666666,
        0.0013333333333333333,
        0.0,
        0.002,
        0.009666666666666667,
        0.0026666666666666666,
        0.0,
        0.001,
        0.0003333333333333333,
        0.015,
        0.005666666666666667,
        0.0023333333333333335,
        0.004333333333333333,
        0.004666666666666667,
        0.001,
        0.0,
        0.0033333333333333335,
        0.0006666666666666666,
        0.005333333333333333,
        0.001,
        0.0003333333333333333,
        0.0006666666666666666,
        0.004,
        0.0013333333333333333,
        0.0006666666666666666,
        0.019333333333333334,
        0.0003333333333333333,
        0.0013333333333333333,
        0.006,
        0.0023333333333333335,
        0.0013333333333333333,
        0.0003333333333333333,
        0.005666666666666667,
        0.0016666666666666668,
        0.004666666666666667,
        0.004333333333333333,
        0.0016666666666666668,
        0.005666666666666667,
        0.0,
        0.0,
        0.0016666666666666668,
        0.0013333333333333333,
        0.005333333333333333,
        0.004,
        0.0006666666666666666,
        0.0013333333333333333,
        0.006333333333333333,
        0.0,
        0.010333333333333333,
        0.0033333333333333335,
        0.0006666666666666666,
        0.001,
        0.0023333333333333335,
        0.0,
        0.006666666666666667,
        0.004666666666666667,
        0.003,
        0.0006666666666666666,
        0.015,
        0.013,
        0.006666666666666667,
        0.0016666666666666668,
        0.005333333333333333,
        0.0013333333333333333,
        0.005,
        0.0036666666666666666,
        0.0036666666666666666,
        0.001,
        0.009,
        0.001,
        0.006333333333333333,
        0.0003333333333333333,
        0.003,
        0.002,
        0.0013333333333333333,
        0.0,
        0.0,
        0.0013333333333333333,
        0.001,
        0.015666666666666666,
        0.014,
        0.003,
        0.009,
        0.0003333333333333333,
        0.013666666666666667,
        0.004,
        0.001,
        0.013333333333333334,
        0.009333333333333334,
        0.001,
        0.003,
        0.004666666666666667,
        0.0016666666666666668,
        0.0003333333333333333,
        0.001,
        0.005,
        0.001,
        0.0033333333333333335,
        0.0013333333333333333,
        0.008333333333333333,
        0.0,
        0.004,
        0.0006666666666666666,
        0.013,
        0.005333333333333333,
        0.0023333333333333335,
        0.002,
        0.018333333333333333,
        0.0003333333333333333,
        0.007333333333333333,
        0.0016666666666666668,
        0.0003333333333333333,
        0.0003333333333333333,
        0.009,
        0.0013333333333333333,
        0.0006666666666666666,
        0.001,
        0.0016666666666666668,
        0.008666666666666666,
        0.0003333333333333333,
        0.0006666666666666666,
        0.0016666666666666668,
        0.003,
        0.0,
        0.0003333333333333333,
        0.001,
        0.004,
        0.0,
        0.0016666666666666668,
        0.0006666666666666666,
        0.010666666666666666,
