{
    "host": "remote",
    "hyps_file": "top_p0.95.hyps",
    "refs_file": "lm.refs",
    "mauve_kmeans_seed": 0,
    "mauve_max_len": 512,
    "mauve_scale_factor": 1,
    "mauve_score": 0.6675561594557633,
    "mauve_frontier_integral": 0.6944024584992936,
    "mauve_div_curve": [
        [
            1.0,
            0.0
        ],
        [
            0.9999992933321682,
            4.7558195314959296e-05
        ],
        [
            0.9691747698751066,
            0.09326275983967781
        ],
        [
            0.9367541444450407,
            0.15840766765738526
        ],
        [
            0.9034340616715372,
            0.217174595997629
        ],
        [
            0.8694831205518906,
            0.2721947950677165
        ],
        [
            0.8350393502659896,
            0.3245209776720172
        ],
        [
            0.8001836000875211,
            0.37470182076200326
        ],
        [
            0.7649663870163206,
            0.42306301934794927
        ],
        [
            0.7294198865481776,
            0.46981194520968683
        ],
        [
            0.6935639425965184,
            0.5150848522470726
        ],
        [
            0.6574092493087654,
            0.5589708238302289
        ],
        [
            0.6209589972665338,
            0.6015247797183233
        ],
        [
            0.5842095496408267,
            0.6427746687987709
        ],
        [
            0.5471503749530215,
            0.6827251739215897
        ],
        [
            0.5097632602238712,
            0.7213589950231055
        ],
        [
            0.4720206495167441,
            0.758636103313493
        ],
        [
            0.43388271364041536,
            0.794490887593861
        ],
        [
            0.3952923317081388,
            0.8288266285487103
        ],
        [
            0.35616627559164127,
            0.8615060214034995
        ],
        [
            0.3163787809200829,
            0.8923351357361046
        ],
        [
            0.2757279865806541,
            0.9210353212150348
        ],
        [
            0.23385736759626072,
            0.9471904334204019
        ],
        [
            0.1900277581857479,
            0.9701358266238218
        ],
        [
            0.1421295270148631,
            0.9886759915429255
        ],
        [
            0.02625499054448058,
            0.9999998693284303
        ],
        [
            0.0,
            1.0
        ]
    ],
    "mauve_p_hist": [
        0.001,
        0.0016666666666666668,
        0.002,
        0.0003333333333333333,
        0.007333333333333333,
        0.002,
        0.004,
        0.001,
        0.001,
        0.0003333333333333333,
        0.001,
        0.0033333333333333335,
        0.001,
        0.0003333333333333333,
        0.0,
        0.0,
        0.006666666666666667,
        0.0003333333333333333,
        0.0016666666666666668,
        0.005333333333333333,
        0.0026666666666666666,
        0.010333333333333333,
        0.0003333333333333333,
        0.004333333333333333,
        0.0036666666666666666,
        0.0023333333333333335,
        0.0,
        0.002,
        0.0016666666666666668,
        0.0003333333333333333,
        0.0016666666666666668,
        0.0,
        0.0016666666666666668,
        0.005,
        0.0006666666666666666,
        0.0036666666666666666,
        0.005,
        0.002,
        0.0006666666666666666,
        0.005333333333333333,
        0.0013333333333333333,
        0.001,
        0.0016666666666666668,
        0.001,
        0.0013333333333333333,
        0.0,
        0.0006666666666666666,
        0.0013333333333333333,
        0.0006666666666666666,
        0.007,
        0.005,
        0.006666666666666667,
        0.0003333333333333333,
        0.001,
        0.009,
        0.017333333333333333,
        0.0023333333333333335,
        0.008,
        0.01,
        0.0003333333333333333,
        0.0023333333333333335,
        0.007666666666666666,
        0.0003333333333333333,
        0.0,
        0.008666666666666666,
        0.0013333333333333333,
        0.0026666666666666666,
        0.0026666666666666666,
        0.0013333333333333333,
        0.0,
        0.0036666666666666666,
        0.0006666666666666666,
        0.0033333333333333335,
        0.004,
        0.001,
        0.0006666666666666666,
        0.015666666666666666,
        0.004,
        0.007,
        0.008333333333333333,
        0.004,
        0.004333333333333333,
        0.0003333333333333333,
        0.007666666666666666,
        0.006333333333333333,
        0.0003333333333333333,
        0.001,
        0.0013333333333333333,
        0.001,
        0.001,
        0.0,
        0.0006666666666666666,
        0.011666666666666667,
        0.0006666666666666666,
        0.0,
        0.0006666666666666666,
        0.0,
        0.005333333333333333,
        0.009666666666666667,
        0.0026666666666666666,
        0.009666666666666667,
        0.004333333333333333,
        0.013333333333333334,
        0.0006666666666666666,
        0.013666666666666667,
        0.0003333333333333333,
        0.009333333333333334,
        0.0006666666666666666,
        0.0,
        0.004,
        0.004333333333333333,
        0.0013333333333333333,
        0.0003333333333333333,
        0.009333333333333334,
        0.002,
        0.0006666666666666666,
        0.004,
        0.008,
        0.001,
        0.0,
        0.0026666666666666666,
        0.001,
        0.0036666666666666666,
        0.011666666666666667,
        0.0013333333333333333,
        0.001,
        0.0,
        0.0003333333333333333,
        0.0013333333333333333,
        0.002,
        0.022,
        0.0006666666666666666,
        0.0013333333333333333,
        0.0003333333333333333,
        0.0033333333333333335,
        0.0,
        0.004333333333333333,
        0.0013333333333333333,
        0.0,
        0.008,
        0.0026666666666666666,
        0.0,
        0.007666666666666666,
        0.002,
        0.012333333333333333,
        0.0013333333333333333,
        0.007,
        0.001,
        0.008,
        0.0033333333333333335,
        0.005333333333333333,
        0.0023333333333333335,
        0.011,
        0.0006666666666666666,
        0.004,
        0.015333333333333332,
        0.006333333333333333,
        0.0016666666666666668,
        0.003,
        0.001,
        0.004666666666666667,
        0.0003333333333333333,
        0.0,
        0.001,
        0.0003333333333333333,
        0.0003333333333333333,
        0.0006666666666666666,
        0.005666666666666667,
        0.008333333333333333,
        0.0033333333333333335,
        0.007666666666666666,
        0.0006666666666666666,
        0.0013333333333333333,
        0.0003333333333333333,
        0.0,
        0.003,
        0.007333333333333333,
        0.005333333333333333,
        0.0006666666666666666,
        0.0023333333333333335,
        0.01633333333333333,
        0.0003333333333333333,
        0.0023333333333333335,
        0.0013333333333333333,
        0.0006666666666666666,
        0.006666666666666667,
        0.0003333333333333333,
        0.01,
        0.0,
        0.0006666666666666666,
        0.0003333333333333333,
        0.0006666666666666666,
        0.011666666666666667,
        0.002,
        0.011,
        0.0033333333333333335,
        0.0003333333333333333,
        0.0006666666666666666,
        0.0023333333333333335,
        0.0,
        0.0006666666666666666,
        0.011,
        0.0006666666666666666,
        0.0006666666666666666,
        0.0016666666666666668,
        0.0013333333333333333,
        0.0003333333333333333,
        0.0,
        0.0006666666666666666,
        0.003,
        0.008666666666666666,
        0.0006666666666666666,
        0.0,
        0.0006666666666666666,
        0.006333333333333333,
        0.0003333333333333333,
        0.006,
        0.0006666666666666666,
        0.007,
