{
    "host": "remote",
    "hyps_file": "top_p0.95.hyps",
    "refs_file": "lm.refs",
    "mauve_kmeans_seed": 42,
    "mauve_max_len": 512,
    "mauve_scale_factor": 1,
    "mauve_score": 0.6636044348298513,
    "mauve_frontier_integral": 0.7014430137937564,
    "mauve_div_curve": [
        [
            1.0,
            0.0
        ],
        [
            0.9999993556646425,
            8.838747174405112e-05
        ],
        [
            0.9708614096959797,
            0.09373382544926787
        ],
        [
            0.9392355603272843,
            0.15688988946845248
        ],
        [
            0.9063007118615625,
            0.21409399172892557
        ],
        [
            0.8724856677094498,
            0.2678825693808665
        ],
        [
            0.8380049381146512,
            0.31923854955438336
        ],
        [
            0.8029829769259248,
            0.36866485560929835
        ],
        [
            0.7674981016777213,
            0.4164558330184013
        ],
        [
            0.7316016923666199,
            0.4627963126101892
        ],
        [
            0.6953277244601948,
            0.5078056685929886
        ],
        [
            0.6586978660016014,
            0.5515599117412637
        ],
        [
            0.621724259399154,
            0.594103542183255
        ],
        [
            0.5844109277222401,
            0.6354559822863359
        ],
        [
            0.5467542201982668,
            0.6756147495491985
        ],
        [
            0.5087424264628827,
            0.714556337709346
        ],
        [
            0.47035447433765465,
            0.7522351334473032
        ],
        [
            0.4315573759381865,
            0.7885802358993722
        ],
        [
            0.3923016716064181,
            0.8234895551476125
        ],
        [
            0.35251326971579533,
            0.8568198214511564
        ],
        [
            0.3120780697537247,
            0.888369731988592
        ],
        [
            0.270810299273647,
            0.9178504054591698
        ],
        [
            0.22837781057053624,
            0.9448297419581503
        ],
        [
            0.18408304110086618,
            0.9686152602054349
        ],
        [
            0.1358956969964746,
            0.9879588001915353
        ],
        [
            0.020601315785908538,
            0.9999998499954065
        ],
        [
            0.0,
            1.0
        ]
    ],
    "mauve_p_hist": [
        0.001,
        0.006,
        0.0016666666666666668,
        0.0016666666666666668,
        0.0016666666666666668,
        0.004666666666666667,
        0.0003333333333333333,
        0.001,
        0.0023333333333333335,
        0.0006666666666666666,
        0.009,
        0.009333333333333334,
        0.012666666666666666,
        0.008666666666666666,
        0.0016666666666666668,
        0.013666666666666667,
        0.0003333333333333333,
        0.003,
        0.0,
        0.0016666666666666668,
        0.0003333333333333333,
        0.007,
        0.0033333333333333335,
        0.0003333333333333333,
        0.0003333333333333333,
        0.0036666666666666666,
        0.0006666666666666666,
        0.001,
        0.006666666666666667,
        0.0003333333333333333,
        0.0,
        0.006666666666666667,
        0.012333333333333333,
        0.0,
        0.004333333333333333,
        0.004,
        0.011333333333333334,
        0.012666666666666666,
        0.009666666666666667,
        0.005666666666666667,
        0.007333333333333333,
        0.0003333333333333333,
        0.0006666666666666666,
        0.004666666666666667,
        0.006666666666666667,
        0.008333333333333333,
        0.0003333333333333333,
        0.0006666666666666666,
        0.0003333333333333333,
        0.0003333333333333333,
        0.0003333333333333333,
        0.0006666666666666666,
        0.003,
        0.0006666666666666666,
        0.009333333333333334,
        0.0013333333333333333,
        0.008333333333333333,
        0.001,
        0.0003333333333333333,
        0.0,
        0.0033333333333333335,
        0.004666666666666667,
        0.008666666666666666,
        0.0,
        0.0003333333333333333,
        0.003,
        0.0013333333333333333,
        0.0003333333333333333,
        0.0016666666666666668,
        0.0006666666666666666,
        0.0006666666666666666,
        0.005666666666666667,
        0.001,
        0.0036666666666666666,
        0.0016666666666666668,
        0.0,
        0.0016666666666666668,
        0.003,
        0.0013333333333333333,
        0.001,
        0.0016666666666666668,
        0.0026666666666666666,
        0.0023333333333333335,
        0.001,
        0.0013333333333333333,
        0.0003333333333333333,
        0.0013333333333333333,
        0.005,
        0.0033333333333333335,
        0.0036666666666666666,
        0.007666666666666666,
        0.004666666666666667,
        0.0,
        0.0016666666666666668,
        0.0003333333333333333,
        0.0026666666666666666,
        0.0016666666666666668,
        0.0016666666666666668,
        0.0033333333333333335,
        0.004666666666666667,
        0.012,
        0.0,
        0.0006666666666666666,
        0.008,
        0.008,
        0.001,
        0.012666666666666666,
        0.0003333333333333333,
        0.006,
        0.0006666666666666666,
        0.0013333333333333333,
        0.001,
        0.0006666666666666666,
        0.0006666666666666666,
        0.001,
        0.001,
        0.0003333333333333333,
        0.001,
        0.0026666666666666666,
        0.004666666666666667,
        0.009333333333333334,
        0.0006666666666666666,
        0.007333333333333333,
        0.006666666666666667,
        0.005666666666666667,
        0.0006666666666666666,
        0.002,
        0.006666666666666667,
        0.0,
        0.0033333333333333335,
        0.001,
        0.0,
        0.0003333333333333333,
        0.018333333333333333,
        0.005333333333333333,
        0.0003333333333333333,
        0.001,
        0.004,
        0.004666666666666667,
        0.007333333333333333,
        0.0016666666666666668,
        0.0003333333333333333,
        0.017666666666666667,
        0.0006666666666666666,
        0.0013333333333333333,
        0.002,
        0.009666666666666667,
        0.0013333333333333333,
        0.0,
        0.010333333333333333,
        0.0036666666666666666,
        0.0003333333333333333,
        0.008,
        0.010666666666666666,
        0.0006666666666666666,
        0.002,
        0.0023333333333333335,
        0.001,
        0.007333333333333333,
        0.0,
        0.0006666666666666666,
        0.001,
        0.0013333333333333333,
        0.0003333333333333333,
        0.007333333333333333,
        0.006,
        0.006333333333333333,
        0.0016666666666666668,
        0.0006666666666666666,
        0.009,
        0.008,
        0.001,
        0.0026666666666666666,
        0.0023333333333333335,
        0.0006666666666666666,
        0.008666666666666666,
        0.0013333333333333333,
        0.004333333333333333,
        0.0013333333333333333,
        0.0016666666666666668,
        0.0023333333333333335,
        0.001,
        0.006333333333333333,
        0.004333333333333333,
        0.0023333333333333335,
        0.0026666666666666666,
        0.0006666666666666666,
        0.0013333333333333333,
        0.0006666666666666666,
        0.007,
        0.004666666666666667,
        0.007333333333333333,
        0.0006666666666666666,
        0.001,
        0.0003333333333333333,
        0.0036666666666666666,
        0.0003333333333333333,
        0.007666666666666666,
        0.004333333333333333,
        0.0023333333333333335,
        0.0036666666666666666,
        0.005,
        0.0006666666666666666,
        0.012666666666666666,
        0.006,
        0.005333333333333333,
        0.0033333333333333335,
