{
    "host": "remote",
    "hyps_file": "top_p0.9.hyps",
    "refs_file": "lm.refs",
    "mauve_kmeans_seed": 42,
    "mauve_max_len": 512,
    "mauve_scale_factor": 1,
    "mauve_score": 0.6912890401006693,
    "mauve_frontier_integral": 0.6543414861101015,
    "mauve_div_curve": [
        [
            1.0,
            0.0
        ],
        [
            0.9999993406647125,
            8.518379086428301e-05
        ],
        [
            0.970610698852236,
            0.10424076269597074
        ],
        [
            0.9393760383190737,
            0.17345654511788572
        ],
        [
            0.9072189381133411,
            0.2349542641287577
        ],
        [
            0.8744344453551535,
            0.29189213799566655
        ],
        [
            0.8411626388947455,
            0.3455511178842155
        ],
        [
            0.8074814991690884,
            0.3966073653545148
        ],
        [
            0.773437783170717,
            0.4454670919585785
        ],
        [
            0.7390599793189094,
            0.4923923797190755
        ],
        [
            0.7043644880210995,
            0.5375585006048604
        ],
        [
            0.6693587381945834,
            0.5810833371131275
        ],
        [
            0.6340426872821878,
            0.6230436298670042
        ],
        [
            0.5984093091662803,
            0.6634842376294465
        ],
        [
            0.5624442940265649,
            0.7024232619968314
        ],
        [
            0.5261249590449678,
            0.7398543968406955
        ],
        [
            0.48941816737366817,
            0.7757470867955465
        ],
        [
            0.45227677740774763,
            0.8100445735865525
        ],
        [
            0.4146336507976391,
            0.8426594420259104
        ],
        [
            0.37639121579583457,
            0.8734656454907009
        ],
        [
            0.337402153710958,
            0.9022848630351036
        ],
        [
            0.29743026379175835,
            0.9288626407114601
        ],
        [
            0.2560598175930276,
            0.9528238563683906
        ],
        [
            0.21243622126103667,
            0.9735797255410871
        ],
        [
            0.1641611080139995,
            0.9900930047048218
        ],
        [
            0.0374584236985017,
            0.9999998853292384
        ],
        [
            0.0,
            1.0
        ]
    ],
    "mauve_p_hist": [
        0.0016666666666666668,
        0.009666666666666667,
        0.017666666666666667,
        0.0033333333333333335,
        0.001,
        0.006666666666666667,
        0.006333333333333333,
        0.0013333333333333333,
        0.005,
        0.0006666666666666666,
        0.008333333333333333,
        0.0006666666666666666,
        0.0006666666666666666,
        0.004,
        0.001,
        0.007666666666666666,
        0.0003333333333333333,
        0.0036666666666666666,
        0.0,
        0.0013333333333333333,
        0.0,
        0.0013333333333333333,
        0.010333333333333333,
        0.001,
        0.0006666666666666666,
        0.002,
        0.010333333333333333,
        0.0006666666666666666,
        0.003,
        0.001,
        0.0,
        0.005,
        0.002,
        0.0006666666666666666,
        0.0006666666666666666,
        0.007,
        0.0016666666666666668,
        0.004333333333333333,
        0.0016666666666666668,
        0.0023333333333333335,
        0.002,
        0.0013333333333333333,
        0.0013333333333333333,
        0.011,
        0.0016666666666666668,
        0.0006666666666666666,
        0.0,
        0.003,
        0.016,
        0.0,
        0.0006666666666666666,
        0.004666666666666667,
        0.0026666666666666666,
        0.0006666666666666666,
        0.008,
        0.0016666666666666668,
        0.004666666666666667,
        0.0003333333333333333,
        0.0003333333333333333,
        0.0003333333333333333,
        0.0013333333333333333,
        0.004,
        0.0016666666666666668,
        0.0006666666666666666,
        0.0023333333333333335,
        0.0036666666666666666,
        0.001,
        0.0003333333333333333,
        0.009666666666666667,
        0.0013333333333333333,
        0.0,
        0.005,
        0.0003333333333333333,
        0.0026666666666666666,
        0.002,
        0.0,
        0.0006666666666666666,
        0.003,
        0.004666666666666667,
        0.002,
        0.0006666666666666666,
        0.012,
        0.001,
        0.0006666666666666666,
        0.0023333333333333335,
        0.0003333333333333333,
        0.0023333333333333335,
        0.002,
        0.004666666666666667,
        0.0006666666666666666,
        0.002,
        0.001,
        0.0,
        0.004666666666666667,
        0.0003333333333333333,
        0.0026666666666666666,
        0.006333333333333333,
        0.0006666666666666666,
        0.013666666666666667,
        0.003,
        0.007666666666666666,
        0.0006666666666666666,
        0.0006666666666666666,
        0.0033333333333333335,
        0.019666666666666666,
        0.0003333333333333333,
        0.003,
        0.0006666666666666666,
        0.001,
        0.0006666666666666666,
        0.0016666666666666668,
        0.0003333333333333333,
        0.0003333333333333333,
        0.0013333333333333333,
        0.002,
        0.0003333333333333333,
        0.002,
        0.0036666666666666666,
        0.002,
        0.01633333333333333,
        0.003,
        0.0003333333333333333,
        0.002,
        0.0023333333333333335,
        0.0023333333333333335,
        0.014666666666666666,
        0.001,
        0.005,
        0.0,
        0.0016666666666666668,
        0.0006666666666666666,
        0.0026666666666666666,
        0.0,
        0.002,
        0.0023333333333333335,
        0.0013333333333333333,
        0.0003333333333333333,
        0.004666666666666667,
        0.0016666666666666668,
        0.004666666666666667,
        0.003,
        0.0006666666666666666,
        0.01633333333333333,
        0.001,
        0.0006666666666666666,
        0.004333333333333333,
        0.009333333333333334,
        0.0033333333333333335,
        0.0,
        0.011,
        0.010333333333333333,
        0.001,
        0.005666666666666667,
        0.0013333333333333333,
        0.0036666666666666666,
        0.005,
        0.006666666666666667,
        0.0003333333333333333,
        0.005333333333333333,
        0.0003333333333333333,
        0.0013333333333333333,
        0.001,
        0.0006666666666666666,
        0.0013333333333333333,
        0.003,
        0.004333333333333333,
        0.011,
        0.0013333333333333333,
        0.0003333333333333333,
        0.0003333333333333333,
        0.004,
        0.0006666666666666666,
        0.009,
        0.009666666666666667,
        0.0003333333333333333,
        0.008666666666666666,
        0.0013333333333333333,
        0.006,
        0.0023333333333333335,
        0.0006666666666666666,
        0.010333333333333333,
        0.0006666666666666666,
        0.0023333333333333335,
        0.009,
        0.007333333333333333,
        0.0013333333333333333,
        0.0013333333333333333,
        0.0006666666666666666,
        0.0003333333333333333,
        0.003,
        0.012333333333333333,
        0.006,
        0.0023333333333333335,
        0.0006666666666666666,
        0.0,
        0.006333333333333333,
        0.0013333333333333333,
        0.0006666666666666666,
        0.002,
        0.004333333333333333,
        0.0003333333333333333,
        0.005,
        0.0013333333333333333,
        0.0036666666666666666,
        0.0003333333333333333,
        0.004333333333333333,
        0.010666666666666666,
        0.0,
        0.012,
        0.0,
        0.006333333333333333,
        0.0023333333333333335,
        0.0006666666666666666,
        0.0006666666666666666,
