{
    "host": "remote",
    "hyps_file": "typical0.2.hyps",
    "refs_file": "lm.refs",
    "mauve_kmeans_seed": 42,
    "mauve_max_len": 512,
    "mauve_scale_factor": 1,
    "mauve_score": 0.7405942981002496,
    "mauve_frontier_integral": 0.5728498787838807,
    "mauve_div_curve": [
        [
            1.0,
            0.0
        ],
        [
            0.9999994416648427,
            0.00032780352074736764
        ],
        [
            0.9747619405801876,
            0.13690170260018958
        ],
        [
            0.9473781648513929,
            0.21326613149968132
        ],
        [
            0.918798105590049,
            0.278478037726261
        ],
        [
            0.8893672138750207,
            0.33739370226246485
        ],
        [
            0.8592605813905146,
            0.39191876112467
        ],
        [
            0.8285794682833295,
            0.44304146221359536
        ],
        [
            0.7973860172996952,
            0.4913512551758607
        ],
        [
            0.7657186649924244,
            0.5372293974263653
        ],
        [
            0.7335998151766538,
            0.5809344442733165
        ],
        [
            0.7010398518517476,
            0.6226457421190534
        ],
        [
            0.6680391571220035,
            0.6624874601796596
        ],
        [
            0.6345888575592883,
            0.7005425266956139
        ],
        [
            0.6006705808501518,
            0.7368607845659434
        ],
        [
            0.5662552366635474,
            0.7714634746575544
        ],
        [
            0.5313005949783217,
            0.8043450628302731
        ],
        [
            0.49574710884175655,
            0.8354727882292151
        ],
        [
            0.45951084756403,
            0.8647838196980809
        ],
        [
            0.4224711951861366,
            0.8921793561591674
        ],
        [
            0.38444811984585003,
            0.9175141312900821
        ],
        [
            0.3451561787055876,
            0.9405780249904072
        ],
        [
            0.3040980783079963,
            0.9610622897250349
        ],
        [
            0.26026028898349807,
            0.9784908815800052
        ],
        [
            0.21081671940490793,
            0.9920526893278152
        ],
        [
            0.06423758515332513,
            0.9999999073302241
        ],
        [
            0.0,
            1.0
        ]
    ],
    "mauve_p_hist": [
        0.006,
        0.0003333333333333333,
        0.0016666666666666668,
        0.0006666666666666666,
        0.0003333333333333333,
        0.006666666666666667,
        0.0,
        0.0006666666666666666,
        0.004,
        0.0036666666666666666,
        0.0003333333333333333,
        0.0023333333333333335,
        0.001,
        0.003,
        0.010333333333333333,
        0.0023333333333333335,
        0.004333333333333333,
        0.01,
        0.01,
        0.002,
        0.004333333333333333,
        0.0026666666666666666,
        0.0013333333333333333,
        0.006333333333333333,
        0.0006666666666666666,
        0.0033333333333333335,
        0.004666666666666667,
        0.004,
        0.0013333333333333333,
        0.004,
        0.005666666666666667,
        0.0003333333333333333,
        0.002,
        0.0,
        0.004,
        0.001,
        0.008,
        0.0003333333333333333,
        0.0026666666666666666,
        0.005333333333333333,
        0.005333333333333333,
        0.0003333333333333333,
        0.0016666666666666668,
        0.0033333333333333335,
        0.004666666666666667,
        0.0006666666666666666,
        0.004666666666666667,
        0.004666666666666667,
        0.001,
        0.0036666666666666666,
        0.009333333333333334,
        0.0003333333333333333,
        0.0026666666666666666,
        0.005,
        0.0023333333333333335,
        0.002,
        0.010666666666666666,
        0.022333333333333334,
        0.0,
        0.007333333333333333,
        0.003,
        0.0013333333333333333,
        0.001,
        0.002,
        0.004666666666666667,
        0.001,
        0.0006666666666666666,
        0.0016666666666666668,
        0.003,
        0.0023333333333333335,
        0.0036666666666666666,
        0.001,
        0.0026666666666666666,
        0.0006666666666666666,
        0.012666666666666666,
        0.001,
        0.004666666666666667,
        0.002,
        0.0016666666666666668,
        0.0016666666666666668,
        0.0016666666666666668,
        0.0006666666666666666,
        0.0,
        0.0,
        0.009333333333333334,
        0.009,
        0.0013333333333333333,
        0.004666666666666667,
        0.0,
        0.005666666666666667,
        0.0016666666666666668,
        0.003,
        0.003,
        0.009666666666666667,
        0.004333333333333333,
        0.014,
        0.0036666666666666666,
        0.008333333333333333,
        0.0006666666666666666,
        0.002,
        0.004666666666666667,
        0.0033333333333333335,
        0.0016666666666666668,
        0.005333333333333333,
        0.002,
        0.007333333333333333,
        0.0023333333333333335,
        0.0003333333333333333,
        0.0033333333333333335,
        0.0006666666666666666,
        0.010666666666666666,
        0.0016666666666666668,
        0.001,
        0.013333333333333334,
        0.0026666666666666666,
        0.004,
        0.0006666666666666666,
        0.004666666666666667,
        0.004666666666666667,
        0.0003333333333333333,
        0.005,
        0.0033333333333333335,
        0.009,
        0.001,
        0.007,
        0.0003333333333333333,
        0.0016666666666666668,
        0.0013333333333333333,
        0.012666666666666666,
        0.002,
        0.003,
        0.0006666666666666666,
        0.0026666666666666666,
        0.0003333333333333333,
        0.014666666666666666,
        0.0003333333333333333,
        0.003,
        0.0013333333333333333,
        0.001,
        0.0023333333333333335,
        0.006666666666666667,
        0.0036666666666666666,
        0.0003333333333333333,
        0.0003333333333333333,
        0.01633333333333333,
        0.004333333333333333,
        0.0003333333333333333,
        0.0003333333333333333,
        0.001,
        0.001,
        0.0,
        0.0006666666666666666,
        0.0003333333333333333,
        0.002,
        0.012,
        0.001,
        0.0013333333333333333,
        0.0036666666666666666,
        0.0003333333333333333,
        0.009333333333333334,
        0.008333333333333333,
        0.003,
        0.0023333333333333335,
        0.013,
        0.0006666666666666666,
        0.003,
        0.0016666666666666668,
        0.0013333333333333333,
        0.001,
        0.0,
        0.0003333333333333333,
        0.001,
        0.0016666666666666668,
        0.004,
        0.0033333333333333335,
        0.0003333333333333333,
        0.0,
        0.004333333333333333,
        0.002,
        0.015333333333333332,
        0.007333333333333333,
        0.008333333333333333,
        0.0016666666666666668,
        0.011666666666666667,
        0.0013333333333333333,
        0.0016666666666666668,
        0.001,
        0.0016666666666666668,
        0.0006666666666666666,
        0.013333333333333334,
        0.0003333333333333333,
        0.0013333333333333333,
        0.014,
        0.002,
        0.0006666666666666666,
        0.002,
        0.0023333333333333335,
        0.0,
        0.0006666666666666666,
        0.005333333333333333,
        0.0006666666666666666,
        0.002,
        0.003,
        0.002,
        0.0026666666666666666,
        0.012666666666666666,
        0.0003333333333333333,
        0.0006666666666666666,
        0.0,
        0.002,
        0.0013333333333333333,
        0.0016666666666666668,
        0.0003333333333333333,
        0.005666666666666667,
        0.0013333333333333333,
