{
    "host": "remote",
    "hyps_file": "typical0.95.hyps",
    "refs_file": "lm.refs",
    "mauve_kmeans_seed": 0,
    "mauve_max_len": 512,
    "mauve_scale_factor": 1,
    "mauve_score": 0.6689690385793083,
    "mauve_frontier_integral": 0.6920807900048275,
    "mauve_div_curve": [
        [
            1.0,
            0.0
        ],
        [
            0.9999993129985221,
            5.891327518993196e-05
        ],
        [
            0.9697576471068606,
            0.09499994531843835
        ],
        [
            0.937745395454347,
            0.16019973311431282
        ],
        [
            0.9047557186004559,
            0.21885501864174128
        ],
        [
            0.8710823317296614,
            0.2736921341428623
        ],
        [
            0.8368752835867097,
            0.3257964485667205
        ],
        [
            0.8022222647082968,
            0.37573229178135853
        ],
        [
            0.7671779792537863,
            0.42383443136821597
        ],
        [
            0.7317772102284456,
            0.4703162567576164
        ],
        [
            0.696041347650943,
            0.5153184822195142
        ],
        [
            0.659981827112838,
            0.5589338501285405
        ],
        [
            0.6236018874550472,
            0.6012205854315027
        ],
        [
            0.5868972608023105,
            0.6422099027729203
        ],
        [
            0.5498560360774606,
            0.6819099773157112
        ],
        [
            0.5124577120620983,
            0.720307497235246
        ],
        [
            0.4746712545359605,
            0.7573672337764725
        ],
        [
            0.4364516991126777,
            0.7930295988420974
        ],
        [
            0.39773435462396095,
            0.8272056946967163
        ],
        [
            0.35842464383786277,
            0.8597686852053983
        ],
        [
            0.31837921285980125,
            0.8905390630281222
        ],
        [
            0.2773674534477085,
            0.91925865392701
        ],
        [
            0.2349817660115844,
            0.9455413517438499
        ],
        [
            0.19037835444986542,
            0.9687682130813473
        ],
        [
            0.14115892571542468,
            0.9878160515461776
        ],
        [
            0.01984713336054427,
            0.9999998423286585
        ],
        [
            0.0,
            1.0
        ]
    ],
    "mauve_p_hist": [
        0.0013333333333333333,
        0.0003333333333333333,
        0.01633333333333333,
        0.0,
        0.0006666666666666666,
        0.013666666666666667,
        0.011666666666666667,
        0.009333333333333334,
        0.01,
        0.0013333333333333333,
        0.015666666666666666,
        0.006333333333333333,
        0.003,
        0.005,
        0.001,
        0.0006666666666666666,
        0.0003333333333333333,
        0.0,
        0.001,
        0.003,
        0.008,
        0.0006666666666666666,
        0.0003333333333333333,
        0.0013333333333333333,
        0.002,
        0.004,
        0.005666666666666667,
        0.001,
        0.006666666666666667,
        0.0016666666666666668,
        0.0006666666666666666,
        0.009,
        0.003,
        0.0003333333333333333,
        0.0016666666666666668,
        0.0016666666666666668,
        0.0006666666666666666,
        0.0,
        0.001,
        0.0006666666666666666,
        0.0006666666666666666,
        0.002,
        0.001,
        0.002,
        0.0016666666666666668,
        0.0033333333333333335,
        0.0013333333333333333,
        0.0003333333333333333,
        0.0003333333333333333,
        0.008333333333333333,
        0.002,
        0.0006666666666666666,
        0.0006666666666666666,
        0.019666666666666666,
        0.017666666666666667,
        0.0,
        0.0003333333333333333,
        0.0003333333333333333,
        0.0,
        0.001,
        0.005,
        0.007333333333333333,
        0.0,
        0.0,
        0.009333333333333334,
        0.001,
        0.005333333333333333,
        0.001,
        0.0023333333333333335,
        0.0,
        0.004333333333333333,
        0.0003333333333333333,
        0.0026666666666666666,
        0.010666666666666666,
        0.0,
        0.004,
        0.004,
        0.0,
        0.0033333333333333335,
        0.0006666666666666666,
        0.004666666666666667,
        0.0003333333333333333,
        0.01,
        0.0,
        0.007333333333333333,
        0.0016666666666666668,
        0.0026666666666666666,
        0.004666666666666667,
        0.0003333333333333333,
        0.0,
        0.005,
        0.0013333333333333333,
        0.0003333333333333333,
        0.012333333333333333,
        0.0006666666666666666,
        0.003,
        0.0033333333333333335,
        0.006333333333333333,
        0.0006666666666666666,
        0.0016666666666666668,
        0.0026666666666666666,
        0.0,
        0.0,
        0.0016666666666666668,
        0.0003333333333333333,
        0.001,
        0.0033333333333333335,
        0.0026666666666666666,
        0.0003333333333333333,
        0.011,
        0.0013333333333333333,
        0.0016666666666666668,
        0.004,
        0.0,
        0.004666666666666667,
        0.001,
        0.0003333333333333333,
        0.0013333333333333333,
        0.005333333333333333,
        0.0003333333333333333,
        0.0006666666666666666,
        0.004333333333333333,
        0.006,
        0.008333333333333333,
        0.0006666666666666666,
        0.01,
        0.0003333333333333333,
        0.0003333333333333333,
        0.008333333333333333,
        0.004333333333333333,
        0.001,
        0.0006666666666666666,
        0.012333333333333333,
        0.0016666666666666668,
        0.0006666666666666666,
        0.0023333333333333335,
        0.0006666666666666666,
        0.0006666666666666666,
        0.0036666666666666666,
        0.0003333333333333333,
        0.0023333333333333335,
        0.001,
        0.005666666666666667,
        0.001,
        0.006,
        0.003,
        0.0003333333333333333,
        0.0006666666666666666,
        0.0006666666666666666,
        0.0036666666666666666,
        0.004333333333333333,
        0.0026666666666666666,
        0.0,
        0.0013333333333333333,
        0.005333333333333333,
        0.0006666666666666666,
        0.001,
        0.008333333333333333,
        0.010333333333333333,
        0.0003333333333333333,
        0.003,
        0.0006666666666666666,
        0.003,
        0.0,
        0.0003333333333333333,
        0.006666666666666667,
        0.0006666666666666666,
        0.0003333333333333333,
        0.014,
        0.006,
        0.003,
        0.011666666666666667,
        0.014666666666666666,
        0.001,
        0.0,
        0.005,
        0.0,
        0.0003333333333333333,
        0.004333333333333333,
        0.0003333333333333333,
        0.005333333333333333,
        0.0006666666666666666,
        0.0,
        0.015666666666666666,
        0.004333333333333333,
        0.0016666666666666668,
        0.003,
        0.0016666666666666668,
        0.0,
        0.008666666666666666,
        0.0003333333333333333,
        0.009333333333333334,
        0.0006666666666666666,
        0.0003333333333333333,
        0.0006666666666666666,
        0.005333333333333333,
        0.0026666666666666666,
        0.0003333333333333333,
        0.012333333333333333,
        0.0,
        0.0,
        0.005,
        0.0003333333333333333,
        0.010333333333333333,
        0.007,
        0.0006666666666666666,
        0.006333333333333333,
        0.0033333333333333335,
        0.004333333333333333,
        0.0036666666666666666,
        0.0013333333333333333,
        0.017333333333333333,
        0.0003333333333333333,
        0.0016666666666666668,
        0.0003333333333333333,
        0.007666666666666666,
