{
    "host": "remote",
    "hyps_file": "typical0.95.hyps",
    "refs_file": "lm.refs",
    "mauve_kmeans_seed": 42,
    "mauve_max_len": 512,
    "mauve_scale_factor": 1,
    "mauve_score": 0.6669855877402041,
    "mauve_frontier_integral": 0.6953242647823534,
    "mauve_div_curve": [
        [
            1.0,
            0.0
        ],
        [
            0.9999993123313068,
            5.5646281491305094e-05
        ],
        [
            0.9693436254095138,
            0.09251620731141295
        ],
        [
            0.9367622581573539,
            0.15753012550277343
        ],
        [
            0.9032451578288399,
            0.21638150845186763
        ],
        [
            0.8691126877239951,
            0.2715490182132437
        ],
        [
            0.8345163712392576,
            0.32403435974461786
        ],
        [
            0.7995399200482181,
            0.3743657348910826
        ],
        [
            0.7642331825046222,
            0.4228600401380527
        ],
        [
            0.7286264639119544,
            0.46972094316995305
        ],
        [
            0.6927373909329507,
            0.5150834073666032
        ],
        [
            0.6565744103333458,
            0.559036442088681
        ],
        [
            0.6201385323172278,
            0.6016355513898266
        ],
        [
            0.5834240028102655,
            0.6429096729331304
        ],
        [
            0.5464181758859814,
            0.6828647905453262
        ],
        [
            0.5091006220802808,
            0.7214852248753791
        ],
        [
            0.4714413107044869,
            0.7587329723534909
        ],
        [
            0.4333974478776528,
            0.794545013898679
        ],
        [
            0.3949081030088148,
            0.8288280474576465
        ],
        [
            0.3558848247743752,
            0.8614494008402567
        ],
        [
            0.31619425838628795,
            0.8922215669966223
        ],
        [
            0.2756229061179447,
            0.9208749215461747
        ],
        [
            0.23379546797458134,
            0.9470059208310658
        ],
        [
            0.18994107365238158,
            0.9699663512244455
        ],
        [
            0.1418964857068901,
            0.9885750339407418
        ],
        [
            0.025443584217969346,
            0.9999998663285394
        ],
        [
            0.0,
            1.0
        ]
    ],
    "mauve_p_hist": [
        0.009666666666666669,
        0.006666666666666668,
        0.002333333333333334,
        0.0010000000000000002,
        0.0010000000000000002,
        0.0030000000000000005,
        0.004000000000000001,
        0.0,
        0.0020000000000000005,
        0.0006666666666666668,
        0.005333333333333334,
        0.0010000000000000002,
        0.0010000000000000002,
        0.0020000000000000005,
        0.008333333333333335,
        0.003333333333333334,
        0.0,
        0.002333333333333334,
        0.0,
        0.0030000000000000005,
        0.0,
        0.0010000000000000002,
        0.001666666666666667,
        0.0006666666666666668,
        0.0,
        0.007666666666666667,
        0.008000000000000002,
        0.001666666666666667,
        0.002666666666666667,
        0.0003333333333333334,
        0.0003333333333333334,
        0.010000000000000002,
        0.004000000000000001,
        0.0003333333333333334,
        0.0013333333333333335,
        0.011000000000000001,
        0.006333333333333334,
        0.005333333333333334,
        0.008000000000000002,
        0.0030000000000000005,
        0.004666666666666668,
        0.0006666666666666668,
        0.0006666666666666668,
        0.0006666666666666668,
        0.010333333333333335,
        0.0006666666666666668,
        0.0006666666666666668,
        0.001666666666666667,
        0.013333333333333336,
        0.0003333333333333334,
        0.0006666666666666668,
        0.0006666666666666668,
        0.013666666666666669,
        0.0003333333333333334,
        0.005000000000000001,
        0.0003333333333333334,
        0.008000000000000002,
        0.0003333333333333334,
        0.001666666666666667,
        0.0,
        0.0,
        0.0030000000000000005,
        0.007000000000000001,
        0.0013333333333333335,
        0.0003333333333333334,
        0.0006666666666666668,
        0.0013333333333333335,
        0.0006666666666666668,
        0.007666666666666667,
        0.0003333333333333334,
        0.0003333333333333334,
        0.003666666666666667,
        0.0,
        0.002666666666666667,
        0.002333333333333334,
        0.0,
        0.0006666666666666668,
        0.005333333333333334,
        0.0003333333333333334,
        0.0013333333333333335,
        0.0,
        0.007000000000000001,
        0.0006666666666666668,
        0.0010000000000000002,
        0.0010000000000000002,
        0.0003333333333333334,
        0.001666666666666667,
        0.0013333333333333335,
        0.0010000000000000002,
        0.002666666666666667,
        0.007000000000000001,
        0.0006666666666666668,
        0.0003333333333333334,
        0.003666666666666667,
        0.0013333333333333335,
        0.004333333333333334,
        0.003333333333333334,
        0.0013333333333333335,
        0.004000000000000001,
        0.0013333333333333335,
        0.015000000000000001,
        0.0003333333333333334,
        0.0013333333333333335,
        0.004000000000000001,
        0.007333333333333334,
        0.0003333333333333334,
        0.01966666666666667,
        0.0010000000000000002,
        0.004333333333333334,
        0.0003333333333333334,
        0.0013333333333333335,
        0.0003333333333333334,
        0.0003333333333333334,
        0.0013333333333333335,
        0.002333333333333334,
        0.0003333333333333334,
        0.0,
        0.0020000000000000005,
        0.002666666666666667,
        0.002666666666666667,
        0.012000000000000002,
        0.0006666666666666668,
        0.012333333333333335,
        0.006000000000000001,
        0.010000000000000002,
        0.010000000000000002,
        0.0003333333333333334,
        0.006000000000000001,
        0.0,
        0.0006666666666666668,
        0.0,
        0.0013333333333333335,
        0.0,
        0.008000000000000002,
        0.008666666666666668,
        0.0010000000000000002,
        0.0020000000000000005,
        0.003333333333333334,
        0.0010000000000000002,
        0.0020000000000000005,
        0.003333333333333334,
        0.0,
        0.008333333333333335,
        0.0013333333333333335,
        0.0020000000000000005,
        0.0020000000000000005,
        0.0010000000000000002,
        0.001666666666666667,
        0.0006666666666666668,
        0.002333333333333334,
        0.013333333333333336,
        0.0006666666666666668,
        0.0013333333333333335,
        0.021333333333333336,
        0.009000000000000001,
        0.0003333333333333334,
        0.009333333333333336,
        0.0010000000000000002,
        0.010000000000000002,
        0.0003333333333333334,
        0.0003333333333333334,
        0.0,
        0.0,
        0.001666666666666667,
        0.011000000000000001,
        0.004333333333333334,
        0.005000000000000001,
        0.0013333333333333335,
        0.001666666666666667,
        0.002333333333333334,
        0.001666666666666667,
        0.0003333333333333334,
        0.002333333333333334,
        0.002666666666666667,
        0.0,
        0.009333333333333336,
        0.0,
        0.005000000000000001,
        0.0006666666666666668,
        0.0006666666666666668,
        0.007000000000000001,
        0.0013333333333333335,
        0.005000000000000001,
        0.002666666666666667,
        0.001666666666666667,
        0.003666666666666667,
        0.0006666666666666668,
        0.0013333333333333335,
        0.0006666666666666668,
        0.004333333333333334,
