{
    "host": "remote",
    "hyps_file": "typical0.2.hyps",
    "refs_file": "lm.refs",
    "mauve_kmeans_seed": 0,
    "mauve_max_len": 512,
    "mauve_scale_factor": 1,
    "mauve_score": 0.7347473580546937,
    "mauve_frontier_integral": 0.5821613126941314,
    "mauve_div_curve": [
        [
            1.0,
            0.0
        ],
        [
            0.9999994099983145,
            0.0002268547917745634
        ],
        [
            0.9736005036110708,
            0.13165269403532515
        ],
        [
            0.9453156843236259,
            0.2083165389760674
        ],
        [
            0.9160455823542631,
            0.2739847814733104
        ],
        [
            0.8860917360250212,
            0.3333103391040243
        ],
        [
            0.8555968702832618,
            0.38816390139502854
        ],
        [
            0.8246385259963288,
            0.4395325725114564
        ],
        [
            0.7932607870800917,
            0.48801341304775164
        ],
        [
            0.7614876702117167,
            0.5339976347185866
        ],
        [
            0.7293294657099784,
            0.5777542606724795
        ],
        [
            0.6967858274107189,
            0.6194731585116247
        ],
        [
            0.6638470934164743,
            0.6592890770035911
        ],
        [
            0.6304944410640028,
            0.6972957660777988
        ],
        [
            0.5966990691449553,
            0.7335544017648523
        ],
        [
            0.5624203399821331,
            0.7680983989218368
        ],
        [
            0.527602559350399,
            0.8009356287362156
        ],
        [
            0.49216970472408916,
            0.8320484298069961
        ],
        [
            0.4560167434453877,
            0.861391310844046
        ],
        [
            0.4189947881560154,
            0.8888856749380851
        ],
        [
            0.38088408424840076,
            0.9144099576831046
        ],
        [
            0.3413401970127606,
            0.9377816168302264
        ],
        [
            0.29977159111449575,
            0.9587225850738276
        ],
        [
            0.25499593852165836,
            0.9767855759444566
        ],
        [
            0.2038017844235523,
            0.9911649959691413
        ],
        [
            0.05045971822447281,
            0.9999998883300901
        ],
        [
            0.0,
            1.0
        ]
    ],
    "mauve_p_hist": [
        0.0,
        0.0003333333333333333,
        0.0,
        0.0006666666666666666,
        0.008666666666666666,
        0.0033333333333333335,
        0.009,
        0.014333333333333333,
        0.0006666666666666666,
        0.005666666666666667,
        0.0,
        0.0,
        0.0026666666666666666,
        0.0023333333333333335,
        0.0036666666666666666,
        0.003,
        0.0033333333333333335,
        0.0006666666666666666,
        0.0026666666666666666,
        0.007,
        0.006,
        0.005,
        0.0003333333333333333,
        0.0013333333333333333,
        0.001,
        0.004666666666666667,
        0.004666666666666667,
        0.003,
        0.004666666666666667,
        0.001,
        0.001,
        0.0006666666666666666,
        0.003,
        0.0016666666666666668,
        0.0006666666666666666,
        0.003,
        0.0003333333333333333,
        0.0006666666666666666,
        0.0006666666666666666,
        0.004333333333333333,
        0.0033333333333333335,
        0.0006666666666666666,
        0.0016666666666666668,
        0.010666666666666666,
        0.0023333333333333335,
        0.0036666666666666666,
        0.005666666666666667,
        0.004,
        0.0016666666666666668,
        0.007,
        0.001,
        0.001,
        0.0006666666666666666,
        0.006,
        0.0033333333333333335,
        0.0016666666666666668,
        0.001,
        0.0026666666666666666,
        0.002,
        0.001,
        0.0013333333333333333,
        0.016666666666666666,
        0.011333333333333334,
        0.01,
        0.0006666666666666666,
        0.005333333333333333,
        0.008,
        0.002,
        0.0,
        0.0016666666666666668,
        0.0016666666666666668,
        0.001,
        0.0023333333333333335,
        0.0003333333333333333,
        0.008666666666666666,
        0.0013333333333333333,
        0.01,
        0.0,
        0.0003333333333333333,
        0.0033333333333333335,
        0.002,
        0.0,
        0.0013333333333333333,
        0.005333333333333333,
        0.0006666666666666666,
        0.0,
        0.004,
        0.004,
        0.002,
        0.010666666666666666,
        0.0006666666666666666,
        0.008,
        0.004,
        0.0013333333333333333,
        0.0,
        0.01,
        0.0016666666666666668,
        0.0003333333333333333,
        0.009333333333333334,
        0.002,
        0.0023333333333333335,
        0.0006666666666666666,
        0.001,
        0.003,
        0.0013333333333333333,
        0.0,
        0.0016666666666666668,
        0.0033333333333333335,
        0.0003333333333333333,
        0.0013333333333333333,
        0.001,
        0.002,
        0.016,
        0.001,
        0.0016666666666666668,
        0.004333333333333333,
        0.002,
        0.0033333333333333335,
        0.006333333333333333,
        0.005333333333333333,
        0.008666666666666666,
        0.01,
        0.0,
        0.0006666666666666666,
        0.004666666666666667,
        0.002,
        0.015,
        0.0033333333333333335,
        0.0003333333333333333,
        0.002,
        0.002,
        0.007333333333333333,
        0.0,
        0.0006666666666666666,
        0.009333333333333334,
        0.0006666666666666666,
        0.0,
        0.0,
        0.0016666666666666668,
        0.008333333333333333,
        0.0003333333333333333,
        0.004666666666666667,
        0.003,
        0.0003333333333333333,
        0.0013333333333333333,
        0.004,
        0.0,
        0.004,
        0.0006666666666666666,
        0.0033333333333333335,
        0.01,
        0.0036666666666666666,
        0.001,
        0.001,
        0.0003333333333333333,
        0.004333333333333333,
        0.0,
        0.0023333333333333335,
        0.0013333333333333333,
        0.004666666666666667,
        0.004333333333333333,
        0.0006666666666666666,
        0.007333333333333333,
        0.007,
        0.004666666666666667,
        0.005,
        0.0016666666666666668,
        0.001,
        0.0016666666666666668,
        0.0033333333333333335,
        0.003,
        0.005,
        0.0,
        0.006333333333333333,
        0.0036666666666666666,
        0.0,
        0.008,
        0.002,
        0.004666666666666667,
        0.004666666666666667,
        0.001,
        0.0016666666666666668,
        0.0003333333333333333,
        0.0003333333333333333,
        0.001,
        0.0003333333333333333,
        0.004,
        0.019666666666666666,
        0.007333333333333333,
        0.007666666666666666,
        0.0006666666666666666,
        0.0003333333333333333,
        0.0036666666666666666,
        0.004333333333333333,
        0.0013333333333333333,
        0.0,
        0.0033333333333333335,
        0.007,
        0.0013333333333333333,
        0.003,
        0.006333333333333333,
        0.0006666666666666666,
        0.0036666666666666666,
        0.002,
        0.0013333333333333333,
        0.0006666666666666666,
        0.0033333333333333335,
        0.007,
        0.008666666666666666,
        0.0026666666666666666,
        0.002,
        0.014,
        0.004333333333333333,
        0.005666666666666667,
        0.009666666666666667,
        0.005666666666666667,
        0.0016666666666666668,
        0.0003333333333333333,
        0.003,
        0.0,
        0.014666666666666666,
        0.011333333333333334,
        0.0013333333333333333,
        0.0016666666666666668,
